"BrayCurtis_noadj","UnweightedUniFrac_noadj","WeightedUniFrac_noadj","GeneralizedUniFrac_noadj","BrayCurtis_adj","UnweightedUniFrac_adj","WeightedUniFrac_adj","GeneralizedUniFrac_adj"
0.000462023494296471,0.396489952824913,3.59635222479948e-06,0.00070895840136409,0.192970411147046,0.380856869440373,0.00152501111845782,0.0194784242751587
0.00921590149380991,0.39096272602186,0.0843121096016475,0.308725025051571,0.441507665977381,0.265720036233253,0.411256357727319,0.676091001676451
0.0532759839814776,0.985871467348718,0.108493110303103,0.214791646498277,0.0646802423709574,0.841611252999825,0.0356300215470748,0.0600006838392703
0.156053684777257,0.889562040973412,0.455524088313734,0.51511650207712,0.749243556069565,0.380848662917671,0.749531808546073,0.735149266303274
0.181112001399777,0.222478797887908,0.33039452037216,0.446408599304156,0.338090987210729,0.405069723979824,0.285125450873812,0.28961623341271
0.000144472236130011,0.44257849889686,0.00688051908662579,0.000999678581792396,0.0877970993222751,0.659944177506702,0.138809192268006,0.035111938260605
0.00159336618382255,0.0326741634626723,0.0088195211858122,0.00271993576628615,0.0780936695064606,0.101240383458343,0.0610390045343313,0.054663770649369
0.0115242022180162,0.124101362831285,0.0921390325405984,0.0205131240819949,0.865168761414233,0.0714243727509836,0.596440887059178,0.295633745855949
0.327040526590736,0.875128923120522,0.495272112128606,0.864369800903233,0.978369116974776,0.916887268580631,0.930727572119735,0.994138995908018
0.000169937350928295,0.218341776756871,5.24441378703111e-05,7.64857549240272e-06,0.719737875923534,0.15012598461441,0.0719780269932755,0.0531266219678186
0.160284062165353,0.355256352000867,0.418804614597527,0.27509674299992,0.752320798680938,0.657926999356044,0.762916678668164,0.696533941513239
0.0667440358636497,0.483560538717254,0.0647784400176031,0.205005912388738,0.514308724164842,0.288463166457926,0.396393425740504,0.540851007271246
0.0246494818043916,0.601861884981896,0.045031439418392,0.0283887655563677,0.394556129776559,0.262554584119721,0.18445985605237,0.153635738209393
0.231206083013289,0.810229433368076,0.24151683138898,0.365664623485827,0.256933872168824,0.503508633318181,0.343781453603799,0.328279533235835
0.231662549992367,0.0508337802336785,0.330501005548233,0.118627055939757,0.559200891175299,0.254738880227016,0.445651061691021,0.346256445500658
0.637683403542718,0.383161685042003,0.611331859892997,0.592877666445384,0.947880662154914,0.326162014252509,0.920818276298626,0.734243913227605
0.605926762590117,0.435083933004638,0.428504170460674,0.468591217592958,0.626998059390634,0.672496801129792,0.607361616142887,0.714939095975237
0.000733731538802185,0.730265037650288,0.000768935738667209,0.0175547880663199,0.0984340703129704,0.451014636908093,0.0362441477007849,0.0862122654978243
0.0467951802272126,0.82136425028057,0.24443120923936,0.352768714185645,0.31549662160539,0.676152329530054,0.440171883837758,0.544229367218244
0.85145132656118,0.474499474492477,0.537727626166162,0.629380926411662,0.975766298245642,0.309296048234684,0.63885092571565,0.60154541010779
0.188753779651026,0.00856453922125611,0.0284321136169146,0.0362886347788773,0.0322389726930964,0.125058638544226,0.010332560781487,0.0186072974305022
0.0479956208856483,0.166473053806388,0.240152912139471,0.101091889045774,0.597236900553537,0.396608856556057,0.510365670638374,0.384194487625146
0.068140806934074,0.973027090226739,0.127507644031077,0.273815351925224,0.6101836143543,0.863446416440053,0.879200690852526,0.878752102229635
0.0671811108724585,0.971927692432248,0.382872457925306,0.569644922762176,0.15300527248541,0.96563883213183,0.101091080071671,0.317630096510266
0.10064255582625,0.633806622914643,0.143783317872726,0.244010578398219,0.647579321938156,0.444613276090971,0.73187073739797,0.741626853835663
0.530581287983355,0.360071768354972,0.567536660452626,0.604114352655011,0.865684301992649,0.316042109921082,0.702267987310554,0.727154898461903
0.0673907569845308,0.97402057804955,0.124040217285412,0.141197605353535,0.213023883396969,0.69258080011294,0.137746417303085,0.107535302487638
0.00850237442521629,0.948785629368445,0.053254548646136,0.150147638025881,0.288073673249579,0.462037998405264,0.280217268106148,0.42184231648327
0.0038215487205554,0.635784899622847,0.00505179596665617,0.0121357749421054,0.400376024082707,0.748596856565261,0.425162345348502,0.571992348085307
0.0911850965835383,0.984152609816928,0.0363974451536782,0.384380374027362,0.853642174680455,0.998052017599064,0.366729553701047,0.899335943366396
0.59763915414707,0.977367251521453,0.750985524809686,0.857061373013812,0.736255174736729,0.842439389563269,0.566311401556797,0.643499137167063
0.0523912326049349,0.405772964549667,0.070886948743791,0.0971234685467446,0.990207920547278,0.496419294864564,0.920750784570361,0.891777722501002
0.609239949454437,0.335992857906871,0.294881351328701,0.44538198858604,0.968844750842197,0.235941571689309,0.73227109676426,0.858535026632462
0.0717108669349802,0.578525400417765,0.464996425857042,0.463038513601473,0.524106682727421,0.217965851232809,0.90196497448557,0.780031823354442
0.918447167648652,0.431780887487381,0.426386357774046,0.415457823078767,0.986471524616289,0.783462198514115,0.666609231609588,0.772652008940791
0.000388747134798195,0.228917071606805,0.00795699135469308,0.000850490989132258,0.0177357441831729,0.0674897193681774,0.0168829366656261,0.00204461125799049
0.325008174576686,0.534901701707062,0.212975407159762,0.284073858990747,0.993788715511137,0.765360202725998,0.975610203375884,0.946624764292173
0.220138852586257,0.467427375160086,0.268090454291427,0.291503864504703,0.682621267128223,0.23532760523784,0.433596812734945,0.470227679317151
0.000222660344055159,0.345700530889598,0.00530139539196783,0.00933184893123251,0.587503709912746,0.607832073405366,0.821272257934964,0.776657264693471
0.0434173689224567,0.621994380779077,0.263367455817603,0.317715638118152,0.240230498595061,0.54931401886359,0.807321504158385,0.781532608492883
0.18316502735091,0.558995914974999,0.701996680842164,0.929009118136696,0.817782982784393,0.360150494524218,0.830868030989761,0.870229234429084
0.0605212685553465,0.0582225333153867,0.215689141919665,0.17924619400544,0.669494562770667,0.604360713736577,0.612723970549325,0.636719476768834
0.0301954366590851,0.817075049990761,0.00812030458001078,0.119060664196716,0.849258583434134,0.650186568111443,0.623644302220566,0.885076106086208
0.809701718352024,0.296581492063252,0.805645762457176,0.817462054712704,0.842104175182477,0.894917852046143,0.963830641573035,0.891246938147632
0.0119941580626164,0.301492946100483,0.106285668181089,0.0914519527601801,0.312472440326722,0.603518082527886,0.427942776395656,0.358259853555945
0.0777472503092048,0.991920348384225,0.024870514649087,0.110773166910916,0.593234223805944,0.703795004428049,0.30094425900322,0.439356682763123
0.106026050441417,0.124235536868012,0.219023083439962,0.2837402724688,0.118266872564917,0.0906131719174661,0.138861951307042,0.228134150133974
0.00137008115251513,0.909984812647809,0.00140709249890725,0.00555494175675897,0.0271739742738154,0.387512868006554,0.0052088961106922,0.0100091074785011
0.0301149831430944,0.637405629625005,0.31592154554555,0.3362152563314,0.93833307418481,0.605016591354355,0.837233596541434,0.670793434458357
0.00677050425280956,0.565440657594942,0.29353971414509,0.213098966833173,0.648384874113673,0.168686010919619,0.890459679897973,0.728367991118326
0.547962916202348,0.972754088755413,0.465016154373496,0.796248716861004,0.965823111828975,0.971398918381875,0.885627340315982,0.919026137930907
0.306017743686687,0.183504916849456,0.519225781234649,0.388720681960899,0.814288069335464,0.185184201070571,0.873433596716176,0.787703305743373
0.323790988212419,0.605666471292114,0.641796791401748,0.597704205486898,0.733392921905851,0.498922545259828,0.850957677503933,0.567349504409886
0.204189628044002,0.740086586446262,0.249393875906699,0.369618195231997,0.464400978755601,0.834960103634461,0.261805695153454,0.363712256014077
0.66866512544831,0.830568860000165,0.560613416875228,0.503445170873734,0.947206535148432,0.491492323949798,0.969474131518472,0.931753180214886
0.0904734051882278,0.812516984484634,0.437154244765345,0.366486819997877,0.49405975688519,0.966325485302817,0.731854589862155,0.661154409973526
0.0664754783422711,0.881648094327154,0.48462909879684,0.723856882841555,0.700428381780665,0.48702001859394,0.639380477295702,0.655207585707437
0.205781397599664,0.250233714874665,0.17957168447586,0.0658173721650369,0.702228132579478,0.535566092714874,0.68553526932249,0.436539191501262
0.000730228813406342,0.407848925778664,0.00426743161155918,0.00537074409342353,0.205811921957932,0.546546777857772,0.00510217377214661,0.00580870184967175
0.100398257287229,0.518577744625965,0.132746877288023,0.120397657023816,0.781559562307801,0.367365638585365,0.470751354614705,0.521207281524159
0.000582783382284568,0.283943047439524,0.0026407801523991,0.073414538951282,0.233258353346357,0.284710492019841,0.477287573929992,0.617705191817358
3.75821715947744e-06,0.944993261574632,7.00739258681082e-05,0.00273004813004496,0.153222867998277,0.955087444247365,0.0825549606336159,0.191210919716916
0.0644746444649393,0.581370759175232,0.274480718155414,0.230009064845538,0.112575012375671,0.44792295005522,0.431106638213877,0.188191568833008
0.0216912269603138,0.959227525373599,0.0956656067514539,0.0864955236432075,0.0855390573773572,0.999513248792932,0.191338039582334,0.466015261269605
0.527073943347444,0.800624049781637,0.506275140289218,0.651428070514122,0.893813012213851,0.370624310483047,0.79860388800332,0.60598957313793
0.426176375831072,0.680191772577999,0.412518989023394,0.331242292238252,0.971991444934568,0.621054728775794,0.987241984880392,0.942408111359446
0.00192471390836813,0.0126743354473432,0.00759181854549018,0.00447951871134344,0.192804646381786,0.00193563452169243,0.112101470688175,0.0291405180887641
0.0728351106224442,0.147782015500074,0.0633823666028247,0.0623742829910796,0.846181765736197,0.181548721504431,0.570663865848487,0.510594965739419
0.140214413579957,0.170698835485474,0.0980646635058089,0.0300975210552201,0.364756782164631,0.169445544627768,0.412203796846228,0.279073697491231
0.401203212003115,0.684842248162655,0.196838565164461,0.709207144723723,0.81153490902905,0.476941638760083,0.508348094799622,0.819199921214634
0.256573075777096,0.799957397703232,0.26466769005511,0.1547034471252,0.862756861507719,0.145220656912068,0.873645874589137,0.279572125927286
0.0293865919578903,0.72252236223557,0.0210438769164,0.0754600786137091,0.527360980510522,0.87632412043625,0.360949454097286,0.279785767540849
0.134805509921368,0.638736425370297,0.492042094957585,0.440693706721544,0.855857625101109,0.177922530056309,0.881260248874812,0.714749342137112
0.00446629226086737,0.389238139228247,0.123205694302129,0.227385147664382,0.365978687662178,0.477336379422575,0.674852514034726,0.833110648627778
0.317531873772446,0.177557130842062,0.223910538521181,0.125035145094866,0.830766303962649,0.616393492639611,0.486784872908663,0.657135034767218
0.0893786624861502,0.500295457018315,0.0655689358253853,0.127924409054372,0.872603257798876,0.835830418966075,0.546737714471383,0.741719597838278
0.0829067080945903,0.142314424754493,0.0481490001801633,0.0239237360787404,0.250776169907063,0.0772884849685825,0.0116898075646295,0.0118515831912913
0.0299742000040285,0.808528247256771,0.0137401502822878,0.130338906323256,0.0836570782355549,0.590514650967061,0.215750716781836,0.39221984447625
0.896791624263111,0.785435140169418,0.697702336315387,0.822944033432263,0.921792510279627,0.972890011605293,0.869446523818687,0.958315759430446
0.605966963359984,0.884054068065135,0.323899324281716,0.615723651117394,0.857046275865037,0.530446596882283,0.858353964909941,0.819257796320625
0.11497575755572,0.474132973107382,0.353887338515096,0.396086388517067,0.678136863365468,0.0118535945109558,0.546069338119013,0.35186354748023
0.0049175764393915,0.381543702089041,0.0564021784957944,0.0495262232950814,0.830761600941568,0.833076618873602,0.49707749019438,0.745819030456293
0.0159125194942085,0.208080429076916,0.0778788647513827,0.0656308722690505,0.0169340735861752,0.383671655747998,0.149953795831047,0.0842600047279788
1.76880554647596e-09,0.76262700647545,1.719195293437e-05,2.09826092172349e-05,0.0512997836898988,0.815165964354982,0.117096129903874,0.121827543616896
0.378314798702547,0.760097891436851,0.352172265387885,0.382216906675063,0.45074469531798,0.618165621101793,0.131990387417009,0.18286339315554
0.00410902522033652,0.449106592421857,0.0339086218348784,0.0211816992212102,0.00839115613202412,0.300559364797514,0.0592723177567904,0.0205528395076497
0.378970618327909,0.00523319046482873,0.649460243738443,0.336051804056424,0.260881822842334,0.153900465805051,0.35285880426529,0.380656930396174
0.014608410712746,0.0617700599807619,0.00840509102772824,0.00561604460366638,0.979372669159371,0.599599936884523,0.595840979354172,0.656615095289556
0.0420335764540326,0.071942886050095,0.175132954498934,0.152002055851776,0.528722769257177,0.0759856758311483,0.528850872284415,0.310981672057418
0.170262991140774,0.756683952797407,0.0390036300822243,0.0753531005733757,0.152767637889497,0.352964311970815,0.123761654452367,0.0780079428484897
0.0158792957638455,0.410429143868656,0.0936932295559174,0.0817702996931929,0.0909600347008684,0.545124684236558,0.123009079200977,0.125489794585711
0.368225137613878,0.633468781866877,0.211107266795127,0.559828724264688,0.592714962366783,0.887951672065553,0.466975186774392,0.807448734763546
0.00090836230521063,0.190447070265582,0.023703615151645,0.0164336909661856,0.872423911943708,0.303349304754968,0.882198682990605,0.770375787839319
0.17699902464596,0.916614556981832,0.118693884628747,0.470187782863861,0.553766451335494,0.942648115641205,0.172919518697578,0.724706203365187
0.0832311042902821,0.151329362539193,0.164917624604673,0.0625795185971092,0.635088540420366,0.339626657578308,0.47316435357182,0.45335247697251
0.376995441669701,0.832209524548634,0.504958970376919,0.662794943139992,0.786544087740068,0.7044358301744,0.61623635973106,0.61559433871563
0.0635398670870579,0.480365970027589,0.0823527648151178,0.16705683428235,0.831315810448383,0.584354334275534,0.793659866511858,0.882754267231719
0.130726393836978,0.501775521118841,0.539789135366553,0.472790182860371,0.449268645970953,0.356927005322988,0.849016861865174,0.672890387061269
0.399483834963869,0.746399169646326,0.38126185104569,0.495093846330193,0.16695818794051,0.192786049889587,0.395137008487666,0.557583699932574
0.709145816917313,0.554502608011841,0.212477953689297,0.373032711095162,0.897121588157609,0.354849880360007,0.767456273628977,0.705987972639561
0.159431570769307,0.359182719409866,0.362570383381136,0.255233106390705,0.805424781531861,0.543820834772708,0.327357452926148,0.38716896882718
0.00161467295441386,0.676468849897143,0.0169014700169466,0.0392684096690908,0.0598910961360988,0.560681645726523,0.159704660902876,0.222425469089275
0.000527174679170295,0.0706257440667283,9.47000395553621e-05,1.53107229821092e-05,0.0871140670104587,0.0672113638077044,0.013783161504793,0.00676385733878182
0.0202620813789527,0.33178569164936,0.276292629706583,0.266193407483665,0.537504854715678,0.215379639945519,0.563230917562244,0.443663881369881
0.0149200060924982,0.829241289646233,0.239689724597821,0.34883011264943,0.0855274996264503,0.58518103199873,0.188579575988155,0.318232571329999
0.000676441343030798,0.988361433167437,0.00305737041417964,0.0745085190915602,0.946616725063497,0.956432027922562,0.261949305532809,0.689007405481405
0.202911770425056,0.921253928192714,0.239673334540912,0.448200632987311,0.674819322836776,0.580841206299754,0.618932589118088,0.612179690239587
0.589636651822278,0.917106986596714,0.539197699957867,0.888112742600714,0.932717863579223,0.674367004003001,0.905521493261753,0.871136820718425
0.0342133632163346,0.886176237396819,0.0290329537985692,0.162570357547137,0.44599946825432,0.93665766556874,0.182836583505517,0.331198230180743
0.00640463580982442,0.807942046031178,0.0453711169613674,0.182562807294033,0.104956862351408,0.360020778710166,0.498241124246973,0.501265073456349
0.444839983712925,0.795998924463648,0.343973231320765,0.571034387550897,0.645176380227374,0.567430386958058,0.622413308137779,0.73797684819486
0.0278101176124286,0.318741861682536,0.39894905918643,0.397501876577865,0.235966306029317,0.682647882360547,0.758387552539182,0.77925042177639
0.0273551597016236,0.254241352412821,0.170622922855371,0.159324697192886,0.86621869381787,0.148844060932273,0.777209803825884,0.559615818259845
0.0347112141080839,0.389329327946742,0.0796098761595579,0.0629011697112344,0.866912456065999,0.333766008419271,0.685819570951958,0.618633890055339
0.0641365589600809,0.0694893578166188,0.149232092296416,0.0902513518895773,0.92685559459318,0.117235269546761,0.580738061159621,0.447825725960882
0.943220779458884,0.437404163418934,0.953924649335392,0.877637360534944,0.977094797779484,0.306677590468083,0.991736489937653,0.926520921516973
0.0768768820824881,0.580984757390254,0.0446258651590055,0.0910793590250203,0.827039903014803,0.843135290280674,0.192987782448844,0.498380075045464
0.000671030507858661,0.199491133912971,0.0280351007382197,0.0479098385698913,0.594154013781709,0.324765973078436,0.293019644587274,0.28390020612042
0.0570445672320355,0.0159225700424946,0.237648612901672,0.198706205378295,0.693931297429383,0.0781872456472137,0.898289199623381,0.813771576528647
0.186476060898697,0.622789215629049,0.0363000761868877,0.0447866017076132,0.915871497198003,0.262264619224221,0.674093012150667,0.558384237603125
0.268395213051197,0.0303051258651575,0.242047943195364,0.100327637961107,0.765573592626677,0.166118684307095,0.637901068906456,0.575598077770009
0.00862729746220281,0.407618300511176,0.192533253927308,0.0911938890923889,0.391754015019007,0.698245497857749,0.719556460612461,0.669146091612067
0.0289411236784158,0.872078282013252,0.0190109541505004,0.185262549503091,0.893268692610975,0.865281067210697,0.424139294868586,0.879204239183527
0.00954721628517752,0.563407240157194,0.372558719994817,0.257727194024093,0.789067093770052,0.408381991858726,0.82823993156492,0.812308747847834
0.0759722820738372,0.543569440484936,0.106080984581745,0.175535424839218,0.0303768026727532,0.166525750477779,0.0278647480351787,0.0171411856783925
2.36419461494553e-05,0.295114746375987,0.000660175177298106,0.00410243583873859,0.00155405418981891,0.868651465873109,0.0029784225190711,0.0473918389573923
0.131660691060794,0.124695228453658,0.247076400493286,0.39490825964461,0.088800218907249,0.114717381638855,0.217999669296142,0.267868530116379
0.0864703122557058,0.471809698418867,0.136723237201809,0.0972138618463012,0.932102415769132,0.626483716935213,0.689241179881064,0.593241520194987
0.0140742166999731,0.64726553996133,0.043819827377963,0.0188579389818075,0.300537180942724,0.883838800041221,0.245059775140453,0.22432756302298
0.0304995507119993,0.336469754383355,0.0393104818484761,0.0332977884531749,0.26347393670493,0.528931029109272,0.0429611410134086,0.0477365140754686
0.0292016017042284,0.149286495424868,0.0841734431023278,0.0272660841970004,0.84300040487681,0.244931500362153,0.911675545058234,0.764153124622177
0.0937527357646321,0.441851503958709,0.475840147902483,0.340434089911534,0.517978833864634,0.385761671474276,0.871353625913022,0.697531367909636
0.856235341172638,0.741300863458606,0.614049081105695,0.785606527830141,0.954599159864824,0.497484491892278,0.866409719412416,0.944556899749941
0.00104656137528036,0.943905328362461,0.0106390307224674,0.00903466118703378,0.193704336261632,0.844746935528086,0.308940820262729,0.403457800855336
0.00542125139147331,0.88655030081057,0.0291884886816514,0.104510777157766,0.0617207398401631,0.907108913284011,0.0608542035913326,0.205460363037254
0.0763701548587558,0.332780781208507,0.181572947951718,0.13635981593275,0.220602356884053,0.415211282782053,0.173541681639577,0.165967174558597
0.000249017561641862,0.236542287509359,0.00737695404180105,0.0110401382473069,0.556436643232502,0.234281176368241,0.221607952647723,0.323788987123519
0.12290204544873,0.643562554433734,0.112763583238602,0.273786930370196,0.966452291031321,0.247676779376654,0.824038883415806,0.710185668647913
0.0240442776216716,0.328711495045962,0.0091575781445874,0.0176257731284895,0.354446583984581,0.261818353717231,0.0955152328792548,0.188862108606459
0.786283316426187,0.828876923157028,0.884536635552447,0.913835609470997,0.954573608052848,0.388525047668499,0.882513450686584,0.840328146461491
0.218569198113107,0.0397994054893092,0.428166652826006,0.264703447592811,0.912143752766007,0.152753975087724,0.962164568952956,0.81187099399624
0.861679537770335,0.859249013691433,0.81535972244943,0.955293852659613,0.99908656774145,0.932552505463108,0.990732670160293,0.998831405569529
0.204488428765753,0.524350825064443,0.225796862873788,0.22401566978481,0.826232669997875,0.287897776600651,0.826463940764777,0.639132116239384
4.94076036949842e-06,0.32047046649286,6.57827536298949e-06,0.000438072815545421,0.151009324591818,0.752313694506993,0.0317340185840234,0.366320961813255
0.00039754617603216,0.38405326611965,0.0022535267060414,0.000507780266718383,0.213350846357767,0.669602909188158,0.0998808333801536,0.104827326724093
0.124078441876806,0.675693511992888,0.272485123392172,0.441559890322446,0.917665324526745,0.88955269395702,0.703517300152698,0.898044516278989
0.0805943817496868,0.201544779560143,0.250226596737227,0.283794780768766,0.297259873867545,0.104576704010435,0.551924774333754,0.535989594144347
0.132173106983547,0.990275695836416,0.273389262731143,0.491438470790436,0.711817032455919,0.821884605955843,0.800398983390322,0.893934093028094
0.0787853338508678,0.509071559269504,0.345482134793011,0.0984291392910642,0.797745338171117,0.864411534141777,0.853566511270063,0.864676596782558
0.565448120480459,0.919959657669455,0.472082713448008,0.650063764617041,0.980486188140899,0.928028768633291,0.910205915028135,0.970665307617371
0.0586905734051488,0.813812180290475,0.247477102935264,0.369968593149563,0.349361375919638,0.607038325146957,0.322392894619768,0.308170603943156
0.0167954929856989,0.26085705408736,0.22940256785533,0.160894605359945,0.455647697227153,0.0965890536376905,0.631271477760643,0.388771108112499
0.0321394385265711,0.522032296945763,0.0783742173755575,0.0784556927763062,0.035351972395816,0.571417327671149,0.091766809429056,0.0948118301801445
0.249948763645608,0.120382755069571,0.540986087050415,0.380139666735941,0.596440396532206,0.311119243714651,0.873319076203815,0.83043781406838
0.216639250396391,0.724868621810834,0.731995878289052,0.526698528915471,0.743986777732988,0.821476303555691,0.833971484920579,0.875201132117782
0.0630641636454654,0.323273658366698,0.101357606414584,0.0555571400082016,0.645924077825741,0.0421976686467578,0.520190628220854,0.340477224000201
0.45439531224578,0.624878740723817,0.546470653821001,0.845436097487118,0.879092244991372,0.782755866839583,0.633749665472791,0.897596475012966
2.08016711895631e-05,0.280027835646511,4.74292191396941e-05,8.23260254987357e-05,0.0256145533771792,0.331321775416252,0.0046778985192486,0.00617581894266073
0.192141352148433,0.390862205831162,0.173975756023132,0.0838322638716432,0.965665816185231,0.223603393275665,0.745692790223663,0.508933915651861
0.153697428323407,0.997119490315032,0.440387205590362,0.883698444515266,0.603498737439084,0.884017329867914,0.797366089226387,0.863015667954931
0.0495496248627367,0.132832677330296,0.0396013871466638,0.0558462007437802,0.573466644145139,0.594561128095846,0.352506740724836,0.693406255963249
0.00549986254346224,0.299507879462816,0.0145634634403762,0.0075095975592846,0.227549064412019,0.74502055595296,0.0564300958321435,0.0444276567904897
0.152550174069906,0.875354578692082,0.616028817515895,0.652417222096503,0.60591514805042,0.938697827796746,0.894189180484474,0.877007313480823
0.0512368524141156,0.904776315020532,0.128328647923288,0.311453024739036,0.653501482223738,0.878599039780897,0.387599908939114,0.534699350045542
0.119870257312623,0.778313320210498,0.111148009640823,0.139816131493819,0.146974365962807,0.850985948901912,0.0397651480874555,0.130781663925463
0.0331513871293915,0.465671807393643,0.103292734282306,0.0489284565860126,0.387182753304588,0.322260601083381,0.312295765371445,0.132466096308699
0.0094897565419122,0.718498424016047,0.167811323358125,0.36457112343344,0.991936293801495,0.607072947448298,0.986232080875143,0.980142425052847
0.0181140545707664,0.78624274954614,0.0464394017131549,0.107502970095536,0.606007181476093,0.307922024472073,0.512004151364119,0.456561747455028
0.235914325652094,0.976698502456908,0.274477050754849,0.702024163615891,0.185949643276486,0.595759458999384,0.0964772710805435,0.130464871627529
0.286908730570623,0.876442208822695,0.2487355683685,0.244851932801722,0.243240295973897,0.865253705395642,0.140506371792238,0.167370724835484
0.728083533202154,0.79889090449045,0.656943150783814,0.849197958014551,0.971544667650144,0.367760526625843,0.846501757253747,0.89741752289422
0.000471208321777716,0.41364285814907,0.00200604088505063,0.000251799401911557,0.00590945677647603,0.262791836310505,0.0408776906670762,0.0172661765601533
0.29495457768537,0.739110373521742,0.276295484329719,0.203590866182254,0.23368126993368,0.92108869476857,0.455879085571298,0.414288531789354
0.00301306770583576,0.834595002194656,0.00749113451627603,0.00757392415801028,0.0502484859741932,0.866023427775226,0.103928211513424,0.109014385906569
0.164591269754411,0.527517827114682,0.298752493958692,0.497064332227067,0.294785338479377,0.571393701040992,0.428872076602895,0.612323601366515
0.09391683894057,0.859025441926594,0.232215955249856,0.362000502677341,0.474168794544533,0.743817645116368,0.490434472206265,0.548571684943384
0.225417176223268,0.281258895872367,0.407823272167289,0.54352750970509,0.586126633750206,0.418435844846248,0.489322973067659,0.583516617290451
0.0740019474485827,0.324763610765925,0.148413479176871,0.207699298135823,0.413170483957816,0.0639304972116892,0.307175305071773,0.239410301857859
0.213857805705663,0.637723555731218,0.202691405440578,0.440476956913232,0.535353944099376,0.961126860525087,0.297586451049255,0.676676200020342
0.138190132673229,0.247406112576008,0.158726185353355,0.414399977443364,0.144616340970054,0.33079947426371,0.233828681866257,0.330238132318042
0.000111082589553613,0.368320329228869,0.0177406068608594,0.0106842227706776,0.559549561205802,0.626562945791129,0.794066370450238,0.684928322846814
0.226957557370709,0.0530309087236809,0.122149786076757,0.107059941328695,0.891218919621308,0.0588575861861617,0.599603373986052,0.488998669173146
0.0241644952678216,0.970881624426227,0.139469577644568,0.358029328293886,0.406892453710042,0.841473555629089,0.364704836454024,0.489828545005134
0.474023588082183,0.756063483934835,0.342465066200763,0.56760547627046,0.964251194380814,0.629699364357056,0.861167929281923,0.800301299087042
0.877319670798333,0.797367793913386,0.987680946345978,0.979997123855907,0.77826451024836,0.612343773847604,0.899451845242811,0.888939288140328
0.00456891503795964,0.415538837170173,0.0397781808254097,0.0234924868964943,0.849868781375265,0.472043905290041,0.905319020628331,0.838256748958303
0.103994981676884,0.247704371564843,0.130264912453354,0.116607121884445,0.540723704673283,0.372930381350652,0.338729741095253,0.283386828254667
0.192424822879454,0.115683655770698,0.261553276479459,0.18291488853528,0.644553592788989,0.0230037795927198,0.664307879321928,0.397274106500594
0.464983539073777,0.907784185887062,0.415050856637759,0.656494162526095,0.673900735317747,0.788694597370361,0.629202241838477,0.664482759515057
0.170562009295397,0.377578055674714,0.291894082189706,0.0659273763414183,0.651815652652408,0.455749677763492,0.570704185455611,0.232208606519384
0.0536749559765622,0.472720249304122,0.0948424544155654,0.0433015132006698,0.0318949528222419,0.732323587761653,0.0868077803541488,0.0378531768601568
0.00122348637542913,0.908429293705592,0.0183066702320693,0.0743881818736886,0.212965396161791,0.833577546917871,0.323544477274975,0.400622611208499
0.0501740261728927,0.711482619869814,0.147955506362014,0.260678296489824,0.288655773089817,0.513173950063773,0.50975113536588,0.511175240560707
0.653984534905302,0.676040639575054,0.414953999534506,0.731275797299832,0.707357828945365,0.141838107590381,0.719747955291581,0.674324351248761
0.202166534975365,0.0524020139545214,0.270693069468816,0.266408620907099,0.144330435740819,0.0864912238985099,0.0632240826374376,0.108818463988436
0.846963750778219,0.525437537888924,0.470928626418899,0.58484970216507,0.974029323202083,0.744955950387681,0.932263486223154,0.947220894549419
0.195025543450768,0.305120768106376,0.11377616701798,0.133098556143218,0.532376512283289,0.313266004906552,0.279485477444056,0.25683309854502
0.0125915374173287,0.896927291255776,0.0712656111744125,0.216321775762701,0.285856892858082,0.494868816628363,0.353883182015581,0.481758665905674
0.00089766067201813,0.301264763543207,0.0642154391395379,0.0563106614640925,0.102575050046118,0.253142599966313,0.536108913209706,0.443202372622299
0.203706103160616,0.841532433692947,0.158799541162962,0.176711453827673,0.141518393236496,0.134717012684483,0.0126184487514044,0.0150814047004567
0.0681499078010449,0.487618756080788,0.134203929575109,0.125376621843163,0.434734935926564,0.42177196616423,0.412839110698558,0.362852931129634
0.365399142334625,0.317301455510014,0.0443323314619825,0.226084691885232,0.616946535597683,0.421475410814548,0.00874213053922623,0.0595942426363137
0.133217315105203,0.580649057941712,0.114835679104751,0.0829503387384839,0.578339170003941,0.505734470156782,0.491806972441184,0.337590628301732
0.0916459090750463,0.693487569806875,0.176108534906018,0.279943781940453,0.951417656958776,0.732327956014685,0.863118072549518,0.949388233102345
5.48642129817312e-05,0.63199372385809,0.000935626919559285,0.000437233517199598,0.0621215555731481,0.684648007972837,0.122306508589138,0.0746638484072826
0.473168146974124,0.56213127794656,0.586254258201985,0.503087517981421,0.925016473454378,0.85924190210309,0.857487235029541,0.816756306438048
0.216433604675662,0.0765185128130496,0.372762677884135,0.26606946532317,0.819867326682858,0.013441946261185,0.780003451482489,0.536303293771625
0.145854577977999,0.618790574864904,0.186929604791665,0.187265691689741,0.216112994237295,0.528626871001286,0.262009315897165,0.207553815475173
0.0765468261098348,0.101787617006438,0.104533919890772,0.125551607805774,0.537400073860354,0.211598174403253,0.411982022504567,0.372609962718107
0.123344405218881,0.526584268178397,0.309358426485419,0.415195057951567,0.359783274342401,0.328458496765235,0.764508286405277,0.784683988671763
0.0346123831173979,0.814698752238439,0.373598333264698,0.44705923638116,0.768248959734202,0.227930994804193,0.8668542347364,0.528534878615826
0.00496436314713311,0.20461048556164,0.130928508101377,0.239079536948065,0.603522121312923,0.410100078069422,0.676386868560985,0.724835604451603
0.00727883153659459,0.0225418419601742,0.0282776423593835,0.0196064823727343,0.570637104139416,0.0783968738767248,0.627798411786079,0.44892458629986
0.273622505468138,0.469074440326924,0.0880079149362487,0.17540478811396,0.633035272959397,0.353519830500574,0.21876205528214,0.380942918807383
0.0650324116802552,0.544901280591738,0.241283892073499,0.278334021122915,0.298991099004784,0.615332155487752,0.522906233828719,0.461711995901774
0.00858676069685615,0.443093765256159,0.152788667954195,0.242356450976985,0.31885333129521,0.678262793987423,0.410812381785185,0.559087077944946
0.0446159608357574,0.10350148618177,0.119978530590252,0.0551895605001568,0.555923283013843,0.444290493959989,0.559277069155076,0.696413031382725
0.122354979035265,0.232665016966223,0.664616901456988,0.439170582773005,0.485332955052175,0.29467417124623,0.851738687949589,0.761576290392229
0.0093175427512362,0.854809193900232,0.146159332641923,0.306874904387006,0.545581874685446,0.801892254710832,0.66710906440578,0.618529811199706
0.16686842883991,0.84221547208212,0.159291049997473,0.212459680641089,0.865945273347645,0.607455366231837,0.954111509268938,0.899465072962267
0.0351212730707724,0.787062338685474,0.206520227570733,0.212421790173256,0.524246419334284,0.462084081565793,0.687765131348916,0.403721535378091
0.11763602010905,0.779246555966859,0.164544258419728,0.100667222178191,0.506917106358846,0.950443613309192,0.391558223054279,0.549363697665792
0.0902686568006211,0.7534478477705,0.0524900611510265,0.086144827306066,0.746249826104518,0.711034671979988,0.255252806852391,0.352984107553521
0.206882195484092,0.320473869005172,0.212504239943879,0.122998569552574,0.812532203806754,0.0355518714889377,0.366294939263596,0.154300602241075
0.326758486757147,0.0876588023705595,0.318091593184396,0.188679631103226,0.806477427811527,0.249171964572797,0.468659172752177,0.343951116793416
0.023191093579402,0.154491715416082,0.0409419178310106,0.0326203174951465,0.0984251597310583,0.0493959117371808,0.185250600599289,0.0881557849020947
0.179495000692039,0.173772131916483,0.149772456397923,0.215412648558622,0.138444679976581,0.16682824941793,0.0595107980583891,0.0798382519740619
0.0014422061005388,0.799709982928157,0.0313697888923722,0.146812515006947,0.0748784345253111,0.283123076764686,0.133474706796842,0.218298897710822
0.0146696275220806,0.186946139288274,0.0473581404336577,0.0501882855380448,0.248787513382383,0.25611106215349,0.161033045113756,0.212857739317148
0.0242044406349216,0.340170116197675,0.0964527592888383,0.0386640944070011,0.4286840190591,0.0357228381410737,0.294418034130707,0.0832607843053318
0.33287125434709,0.0803694366124164,0.48707488006334,0.347234117048992,0.414698599267067,0.107108116885301,0.684859357931423,0.530325156736946
0.223345331765031,0.437385313706509,0.301849076581913,0.485218879280091,0.182655037764738,0.277610426546147,0.132192006844486,0.404749329543864
0.114701432652305,0.559588061411317,0.193885101892267,0.363309736134034,0.660359180253123,0.461254329917365,0.731279119530444,0.817466909807305
0.186376744058915,0.687033809011674,0.406086290363529,0.297457874546636,0.833268846368241,0.362820641543093,0.674782948537425,0.567120295337875
0.00457063045609174,0.0595892859564076,0.00728668160316903,0.000844271112705797,0.107637624471907,0.0238527985093411,0.116881853512366,0.0633177844018702
0.000439366016734333,0.802812016826865,0.000238271351006292,0.0030469546872568,0.542323006893007,0.779781066001876,0.617599491562438,0.674303815305816
7.27475826534096e-06,0.618784058869353,0.00161634035847547,0.000685187264148124,0.00773582159786146,0.324149213609667,0.0210111976079663,0.00677038884185721
0.00908243009158849,0.151386734612803,0.0445154980368659,0.0348415041688468,0.165873294254448,0.52281355809633,0.182651948542953,0.275568315025995
0.126277181837976,0.554021524169421,0.228274112229607,0.152591049593919,0.320722885716973,0.411036123878527,0.436898515887431,0.478347816837563
0.0364659436876965,0.610004752828472,0.0779658638705335,0.0894343226483172,0.398520579272608,0.574495083883176,0.264197980812953,0.296650282019783
0.067464065005866,0.244723464157732,0.0905710183903935,0.0693106899361868,0.502708629625004,0.137196043538934,0.323665637178981,0.331984854777126
0.0613925259366578,0.273955086483589,0.298802437745802,0.428375177477874,0.310791535801766,0.232805944188229,0.797884364880416,0.831353602749331
0.0427670883189974,0.859357600727905,0.111349383994851,0.083392821375268,0.655755944064762,0.658525538518571,0.832552902641677,0.709432191772003
0.714970874740601,0.946791869254531,0.959799114085254,0.988313268317256,0.874908549042784,0.675440337073166,0.981124030344089,0.960545140201708
0.0819132527370737,0.093048715401553,0.273455075421676,0.146650650075039,0.674310262135813,0.55463465610727,0.633192077932931,0.477488884081699
0.014609088763205,0.351416947063588,0.0861478574484181,0.0329217843033125,0.190326196201894,0.039998874691017,0.219201442283617,0.0904432102681892
0.281919025224775,0.36409314018487,0.427265666357464,0.315546204525484,0.932114500527931,0.192571918763417,0.831611029104502,0.669764810768601
0.188579777283692,0.269581848482525,0.0488608062287216,0.204177406761956,0.508256408826412,0.883066935015587,0.342183080600547,0.788835828799849
0.000147951406317848,0.598591611355915,0.00417216323760705,0.00397158536473041,0.0207962397165927,0.350652427079997,0.0950522943645574,0.0677338207988267
0.228974534541547,0.760339847828228,0.172334250237207,0.407734916448024,0.989252744559927,0.506718999056431,0.877693675063417,0.844626673371515
2.20771905834471e-06,0.701965487995833,9.10830290847819e-05,0.0011493160945597,0.0721921515147546,0.725727506494284,0.00253816949040453,0.0396837783627093
0.291242138704154,0.0754903318387593,0.294828088355235,0.195780158133127,0.799814969383061,0.557784084266626,0.553370209935698,0.688178249898622
0.00671158134985783,0.777854490549003,0.0510299924070896,0.103101993375759,0.188322286565678,0.496576004136217,0.398566045677999,0.43607209916492
0.0184869107483829,0.519559991402674,0.0485818370109881,0.0464458123056746,0.603688200922638,0.330645700279255,0.563696388635642,0.449848747608998
0.0620318017694679,0.235735181643436,0.0465226368474394,0.106651865984088,0.229760464226563,0.236437662122017,0.276930275185167,0.285061846170282
0.123222774489425,0.567048054724437,0.463816289382136,0.669200710846747,0.616503361761684,0.338913045840774,0.609360183240119,0.52548122449205
0.298550909059623,0.762332610975813,0.443594254203931,0.608115169730304,0.363456677544838,0.520379794202703,0.305260998861898,0.410317586788367
0.00238922531613939,0.706897897875458,0.0315515424377545,0.012808308691979,0.144166675432854,0.534241192933302,0.033443673052186,0.0486220508663584
0.000549378946968826,0.0267418608461126,0.00397730243690364,0.000198195595811468,0.223113001625437,0.117757086782671,0.0638990115144594,0.0178694551099802
0.590337857939894,0.464375803018441,0.494297173828979,0.668902484095593,0.578303106851078,0.769768333841845,0.434665481155031,0.68747400745731
0.417886253700228,0.557013499011521,0.458863179497028,0.574710027046079,0.805667671793674,0.542723784533391,0.945834294491829,0.852864925966082
0.801468877034854,0.652450386095337,0.840210409779852,0.678579103746184,0.930183216274354,0.201690542086307,0.557027483951926,0.20109060083474
0.733893802517325,0.293395182875767,0.627862186424214,0.698403539719917,0.995963858008217,0.711894837122208,0.881271753617634,0.956566255177561
0.132790541890887,0.917758325056549,0.496858797568193,0.510260055416839,0.838261853643112,0.654464248794074,0.888713154012833,0.826647829081803
0.0307314297225396,0.334988967890371,0.316458958991523,0.239524163211933,0.238571712192562,0.65355630555003,0.230280637378193,0.229972695306076
0.553104720354783,0.259272699717142,0.738048666146906,0.674096993580961,0.917422088737488,0.0628072439492329,0.967831241838908,0.730563316016789
0.00596543845197961,0.749623631781886,0.056851127082859,0.0883425036621275,0.321439199825479,0.62975210883618,0.428319516808074,0.461415462029829
0.167646339816183,0.71694006939693,0.0818018404400631,0.197772621131707,0.403751322970937,0.845444408508089,0.258925614978473,0.33174329254455
0.000706000781138361,0.0445946259091536,0.0150828962234474,0.00815670023946558,0.115087934743945,0.462402007119062,0.150590110557028,0.255972446475534
0.932713765475951,0.711346783175726,0.809436767374077,0.791356153173558,0.931114818248308,0.297724367870093,0.923395294892366,0.832027164525024
0.0942050846621545,0.876212477682828,0.462716773252138,0.714049468155415,0.44522782771232,0.350627600470984,0.601451292727953,0.700630257119856
0.538574410586089,0.344194970287609,0.675203724077435,0.455010094179621,0.79501198804,0.506080055610292,0.836367794708068,0.721662940253283
0.444771956087295,0.83095901182499,0.343818065405406,0.413925716560808,0.661312398997609,0.921826821463837,0.444892201150754,0.677502039309459
0.000500457315215641,0.153917301535856,0.0625486828481935,0.0568318874959235,0.447659773963708,0.420967784230716,0.426333195436041,0.469672875794523
0.31549984044998,0.785507657182678,0.569367836084429,0.740958083145043,0.522468188813752,0.847174816063445,0.799227077969269,0.943244642952797
0.0415064998461465,0.316250160962057,0.0747941324262744,0.0411572121749523,0.0824185356714655,0.631347421711513,0.0845399373558459,0.159457064501796
0.0213498981616602,0.43917966884328,0.0500510446816117,0.101101415842824,0.907961962616165,0.0704260465664284,0.874744859202468,0.696904513654112
0.846070671070668,0.829470749765805,0.916423292559564,0.908871119376906,0.790897888608538,0.752193695002563,0.904467073476181,0.828725395743247
0.301087177722274,0.980443254152548,0.584525995835874,0.797612864400968,0.678989049451788,0.999841941799779,0.659777376923237,0.867161383340461
0.364020736712273,0.874050837596577,0.379414233010553,0.47142927190248,0.697813599837286,0.655999836554839,0.317463997922031,0.380614006075376
0.0137747822483685,0.126194674956534,0.164371973542937,0.457248912015587,0.53984953737457,0.0156663799101449,0.818785355327816,0.793254892525363
0.00540240903882561,0.184951173227058,0.0171340847217136,0.0292882025196466,0.394801325673603,0.2430290748192,0.188444229286859,0.231439487413732
0.0755185105478586,0.861887750561198,0.250510632837734,0.487975283361272,0.223549118719614,0.692483010559255,0.124936152332233,0.198752022318811
0.240699497029402,0.509163906855507,0.468827888107314,0.433854680731439,0.291202769159563,0.484071987389573,0.155822634399575,0.22120497211856
0.0485553252947915,0.859888633810981,0.0608733307496455,0.132917729616634,0.156638613213333,0.879545006335973,0.483660765476217,0.771386612459117
0.164926065258454,0.212241088313315,0.623712092616158,0.440820779606996,0.641121420850027,0.28361901844597,0.876985464300738,0.847712165368224
0.00228744502208111,0.721445314552716,0.000561730934778182,0.00482201122583314,0.384737541932417,0.514575535791679,0.0139413269564813,0.0277851736135831
0.0361931542967957,0.89412285995238,0.145667855226999,0.311468901915956,0.904724525241058,0.900993104722046,0.834742995500024,0.815392594437353
0.0112164170729038,0.899485384486451,0.198168652300055,0.525112293184235,0.930859870926917,0.873869814795776,0.981583957469356,0.988666227991921
0.0403083069007653,0.189094876521821,0.229340470774827,0.208724836541996,0.401022130385014,0.357233557529057,0.827674811259311,0.838420767757207
7.9307999416911e-05,0.0392741008963287,0.00479993281805613,8.36644061198433e-05,0.412137623816418,0.692029363785848,0.735921788571274,0.379689121079559
0.332014985100204,0.0777158440498953,0.557202728452328,0.346871121891268,0.35780990866578,0.0698065504361189,0.314779002118216,0.26713366989313
0.0161962862610412,0.793242717340349,0.0443766235159087,0.134074284981214,0.296717029802727,0.734157982965426,0.315151151378816,0.534949800660331
0.0975589923699933,0.729980364378909,0.520038252724929,0.253373401541653,0.781056423980158,0.572939995098625,0.917990362658253,0.666091467801611
0.111425793903863,0.998958332428121,0.0560609104882824,0.244494711004887,0.516825261982841,0.999007370646884,0.11777678238231,0.400102083389962
0.0359780714999328,0.929972088171082,0.279627437795055,0.441867224873165,0.748298221874728,0.782747579927149,0.729409960010502,0.666670717258291
0.189377684726601,0.122942758050502,0.421680193372616,0.228394222583486,0.959221062693172,0.745014679554782,0.673876370893017,0.766850719357729
0.0079915420616955,0.864114209318169,0.279224110439931,0.317920115302404,0.165485816529437,0.475229229087438,0.503780003932129,0.368818402393935
0.111663054655254,0.233012358875445,0.260793272416842,0.159494139883855,0.879342612368271,0.211165026317318,0.825065506396087,0.701438985423537
0.172265596382581,0.880782256620029,0.170992416305939,0.269693176006558,0.340842884567802,0.796211959681089,0.139095394853024,0.181630127801145
0.0983262921733434,0.616330529682638,0.0347078721142633,0.0871243603300503,0.220509465191972,0.17658432840511,0.0843282226211445,0.1125585818371
0.0405433959123258,0.714955770011681,0.295896402196363,0.384817122518945,0.427486010470624,0.680317875471202,0.387368463915646,0.454431699748959
0.0589483563200947,0.00442121437389975,0.0706776331264807,0.0411555983612194,0.524277407890031,0.000275022154176408,0.460877219090264,0.127006265241084
0.000350777968941229,0.893809503401012,6.19330614356484e-05,0.00735285198210633,0.313012182005509,0.748423499849295,0.0243750608481065,0.192436516075296
0.572718070227881,0.425053637302107,0.382586198407664,0.29947777933453,0.852770053514438,0.318880059919191,0.511630198053334,0.523525365221942
0.137483538436892,0.283525080845218,0.147269086942466,0.167512091609098,0.899017953026363,0.138897877895014,0.868230678239004,0.807517705918231
0.0169719625975099,0.726614109303302,0.0154981447672267,0.0242079773313035,0.442711415671571,0.988891853250585,0.26932595927349,0.373360882362778
0.0599049504897051,0.22858999252365,0.331113997523343,0.368853530516896,0.304201022680405,0.0577091001021588,0.420616021691256,0.274019762575766
0.0530181844617464,0.374666337663861,0.053829754517673,0.0144721672178724,0.181034034288619,0.254461584776976,0.332854039775221,0.153035986243916
0.148216551523234,0.43881165640345,0.169220806911961,0.470338998084726,0.204454457795088,0.102504119102316,0.395179844629583,0.467623536360465
0.171669146272591,0.458772040948064,0.237498911005486,0.392031593391295,0.047939526113847,0.16868098536841,0.33872409338818,0.306663085206234
0.0169987494438121,0.200636157424611,0.0122521873478348,0.00428130282527084,0.0660663863419383,0.181258100922365,0.0209602366888773,0.00860777045080885
0.00251624766209657,0.0885903968326915,0.0369121397288227,0.0208915695073872,0.873270615909172,0.0670399279971191,0.905159646130602,0.659965729556166
0.533678044536886,0.769827240226331,0.676753623074488,0.664808148749304,0.442100883242299,0.841195296769486,0.464788734760848,0.603349055082097
0.103464667299296,0.256305668132562,0.0614497177358856,0.0907968066213354,0.335590328246001,0.150801834157099,0.0706790007849778,0.151391887498648
0.229080428271243,0.933036985748134,0.335873790676308,0.514580726775538,0.480178044308776,0.849355944787095,0.831858618647106,0.840857641493331
9.47359444807283e-05,0.482634440113347,0.0023308323017649,0.001799207659683,0.291350005242637,0.568876879598021,0.237799088426776,0.353271759842432
0.100546561385858,0.142243530895845,0.0619879256247577,0.0469275144027644,0.209897143425879,0.39192527927694,0.0745443036679709,0.152947470633894
0.812529503139515,0.3906848249028,0.885673659165259,0.678195455673916,0.987935268173673,0.783892710389551,0.951725437203582,0.95378217518576
0.318293501877489,0.319966718438588,0.331864418443308,0.327499653453843,0.652500025170129,0.425996226178786,0.45962798843515,0.459615043928969
0.250333238045864,0.229391079445594,0.52647880878805,0.191017026700038,0.94866601917009,0.19514419515544,0.921736435608203,0.686581826102282
0.150059885619851,0.461504317941745,0.28587443974888,0.396641674601045,0.743116856608083,0.544011687154606,0.673967680353498,0.687218742248434
0.000148235854940837,0.150341449432954,0.00300267846299695,0.000883451521568546,0.452198980101224,0.600342936194106,0.369389170390211,0.456266934512806
0.0433677707419393,0.29755996404732,0.0770103857168205,0.0294016858805625,0.273787615141478,0.504196785879208,0.366017918073561,0.256572971308697
0.659214462042543,0.527613254885576,0.543014824117419,0.639755941633963,0.726299408298346,0.10813100649339,0.610524101663669,0.518479523627426
0.378854309354034,0.1131581775725,0.0444316096159731,0.0310214996959052,0.355217463952026,0.588962345574432,0.455848853071276,0.293351842905204
0.53913373354445,0.175807300938646,0.635134381492624,0.565816600728957,0.880857260253269,0.0589372930018729,0.870394092823043,0.732194687620945
0.184569087440943,0.735591221855524,0.137595170740386,0.427127088209863,0.836377072852643,0.611453101759608,0.538756464993982,0.806460514751728
0.300947405791531,0.0671119575913781,0.432369275521903,0.434761407663336,0.664769379725292,0.185239491469146,0.656102082407214,0.54164680368746
0.168938691172561,0.97795742438587,0.30709203401674,0.731232175366399,0.0676361400581437,0.974833871689669,0.232360903541738,0.603549338307718
0.253455935667734,0.345498963480778,0.690388979014005,0.562394910071102,0.977464441118642,0.17019885537167,0.990236818283143,0.917525944729531
0.299497080334916,0.774636198047258,0.327925840302297,0.772334358121781,0.834124948644551,0.587617527851445,0.434073700342962,0.762263035088075
0.363435522697844,0.225651101136756,0.386476296039662,0.343052257822593,0.997521958018096,0.0625727726206255,0.968074768239979,0.941045179572341
0.00972094545251201,0.729860253530322,0.0970153771151043,0.196444762526378,0.378711845117871,0.306774629159484,0.326982450880012,0.482643012007373
0.0228956902584958,0.594527083377309,0.370192039069251,0.671022170614289,0.626685315697082,0.736176876975237,0.4783831234713,0.851663585352248
0.405441506817707,0.0203256971518475,0.509580619559092,0.311967874837393,0.437034955149064,0.03832423150755,0.274044688898569,0.134560734634281
0.0462269487639775,0.898954733288491,0.280189053310047,0.182810909566853,0.307940135631351,0.898919879064862,0.367715702320692,0.306073712367791
0.0049608564746777,0.114225767968891,0.0139418155378378,0.0399536630585707,0.167802971069086,0.223338748106833,0.0608699970858243,0.0924076735930583
0.015070849804134,0.436233024495781,0.241307607377611,0.346648262483885,0.846622479709927,0.657835744492272,0.955347106286042,0.920903202069819
0.31390647266646,0.872730836988301,0.357117038416717,0.545226256103087,0.95305083717799,0.981067589673019,0.848791773938075,0.952376131774716
0.10843111887736,0.560477132757095,0.0355632066412362,0.0843022402603353,0.0571374479693935,0.580177406351773,0.13429985846338,0.166934852497563
0.181937639600842,0.372714121569343,0.272558167363674,0.330397367052082,0.385008104241647,0.244029827470521,0.170371110435793,0.285270052382012
0.150833847081789,0.884512864905832,0.312062680872056,0.535347241997936,0.750535279542237,0.948529538398731,0.746535260546134,0.821530624479574
0.424213441106738,0.287685958239255,0.449622351441431,0.482276634663635,0.57591584248984,0.311716316061827,0.927592179627429,0.796550189784716
0.00527089283673854,0.636619525176806,0.0679274585930055,0.203624642393861,0.78033918989993,0.765635742438486,0.405569397114289,0.769780686077549
0.0985977785409121,0.44096176749822,0.111843388504793,0.0749854697700431,0.73043790895237,0.0579463249335351,0.446348486519929,0.147604466829321
0.0598879871437257,0.615005614467911,0.260224212370761,0.362150910583626,0.775129694892793,0.444877003423236,0.684346931292131,0.744056422396622
0.00219480443555387,0.438592419946628,0.00637411927539122,0.0793585019598946,0.0871512518739886,0.523272315705563,0.0376338817407338,0.310639701613723
0.245791841360383,0.749367786712058,0.0816214047249386,0.130896189137875,0.0343022149460933,0.916069018138667,0.302135106254115,0.44641270503646
0.0351816197354476,0.820201546347771,0.109045479773912,0.0920088486877088,0.260139455327527,0.727733549419302,0.39577454176966,0.37678787358261
0.124186720291853,0.0349525836410758,0.0772673456229329,0.148215284962548,0.602490873414634,0.109684111201345,0.209069408224899,0.40356390181479
0.00251990576859695,0.342237316616718,0.0346517149320579,0.0883637595008233,0.59659587580371,0.401884890483953,0.749183718811274,0.625513244674671
0.110875546233979,0.412573147385904,0.449524274044326,0.443325929087141,0.908658210986844,0.684665778106628,0.980246111378172,0.909058984504999
0.0171795544470814,0.140906925749849,0.0579198068800389,0.0232541243067577,0.0475450793168143,0.0748013731616062,0.161735105495421,0.142203562917046
0.060552271583959,0.178275671011913,0.428090362595942,0.497250152700048,0.399460972029289,0.544101688141693,0.405495963635918,0.347219169268985
0.487998486621023,0.686023980268848,0.520316274083941,0.67568445709672,0.947928566497777,0.949270363594133,0.732261223623787,0.90969223791584
6.93805171775308e-05,0.107418014722865,0.00273690089506062,0.000569540067289931,0.033543009959785,0.163629803823715,0.0289957199919411,0.00600988415152637
0.29858840450392,0.0433610572836896,0.781917912353374,0.55909161172115,0.870762627527971,0.0605050205085571,0.868164948338733,0.638393325542909
0.00112169585811928,0.624578625660158,0.0203223673824537,0.0848331376890212,0.694782076151138,0.554508239470343,0.525588024148988,0.610742625717177
0.00983932452775016,0.704434890191219,0.0897319174619206,0.160577025749085,0.622964223437881,0.157772097636383,0.496241758615467,0.328208023409617
0.00608558461451747,0.261948970600476,0.0226631754368024,0.0165548836702822,0.712424145075192,0.204730432730312,0.413575523002423,0.468959742939612
0.0862454555646012,0.131470347138044,0.161883815806444,0.086772629251039,0.79518461882687,0.51035558205947,0.541178243374778,0.496071983940852
0.715244194406898,0.234230287735734,0.746209865368869,0.505933832538387,0.999771081032035,0.0625171551016578,0.988786662055625,0.892944153329086
0.192703271929782,0.644772140125911,0.20846498212358,0.355162950257286,0.517222233770326,0.304090988410493,0.563347810820533,0.382884336660038
0.0684017708529802,0.207267811378091,0.156001470751678,0.107382479936399,0.694600840440189,0.260735450387067,0.650278408501931,0.651990101269453
0.0244390692002793,0.743674346014791,0.0129606748535814,0.015365404527657,0.2207599944586,0.899889210791098,0.0579788603072379,0.120438717749102
0.0324488426764198,0.736481646168715,0.269623520204074,0.326753782853928,0.853829580535717,0.777347871533381,0.900779470024386,0.807069284630314
0.0388729009128203,0.716704465860888,0.250963607992519,0.301954989622293,0.727520493093684,0.391040845626246,0.757187839484038,0.669401380466351
0.0180619299034974,0.236051849973349,0.131758245596673,0.0616458818447946,0.150670406175263,0.19483447337579,0.406524455357945,0.265909069882707
0.0194056958736827,0.144322102391905,0.0485031900291728,0.0173417436088971,0.785443375623013,0.145778636447931,0.383499830970548,0.161790131338232
0.060794874801232,0.658500795242711,0.227683298853713,0.187391827058564,0.565587943138638,0.627329427746581,0.474827995276322,0.494129102431718
0.203043165754361,0.850381587710159,0.324309422082733,0.506478861584765,0.638261516001589,0.339996245540105,0.752707107690364,0.788171902934593
0.663604954883498,0.535885465003801,0.785930463161998,0.806966648324734,0.328544592281345,0.435918447350906,0.634954577620795,0.615523852480107
0.000881630298085634,0.0296748897464717,0.0054967196984449,0.000484511739640481,0.863800528870961,0.152874221687991,0.684205482864196,0.431254910650226
0.0164874648456446,0.571363180900201,0.0130738238111994,0.00837335069278744,0.740667768969637,0.593718401987721,0.516130472707347,0.356488143014784
0.104722087404874,0.957755258813547,0.534644141927635,0.478944657372941,0.598610097243196,0.817360807236944,0.770957603372174,0.685118089067217
0.198279921726104,0.422146189097342,0.227579736985709,0.0890925180370735,0.903169422702002,0.319046267445058,0.703822520660349,0.729949730680611
0.100465902421218,0.889741832105851,0.67159048616172,0.703175573590041,0.655466573351585,0.876129518835501,0.93451742710096,0.926864152672572
1.56579688826985e-05,0.44569646152318,0.00372215018831568,0.00163821490613691,0.308635310125882,0.331739503385377,0.406130790040532,0.372310293957034
0.000844585113900509,0.455141303209444,0.00609771708031071,0.0113744240746321,0.324957764881302,0.267813842208242,0.283098960051501,0.391580088967434
0.128831805212708,0.142638892609208,0.163862626409021,0.0623142855435019,0.508043883030244,0.00206593281288336,0.207214193389474,0.0279040202421028
0.00747872669672023,0.641153431026555,0.156229177747168,0.0838214666513883,0.254456849336794,0.895337474168833,0.539049798564394,0.408844471096186
0.0664039512488593,0.954539044546328,0.066651724257099,0.253341450489234,0.324761687862012,0.756245514030344,0.330343522940191,0.366132356450516
0.10932688367468,0.501082657853241,0.135542666052132,0.209470748887959,0.621813390894635,0.178986879464424,0.224003513987019,0.196171333647641
0.0103256489588579,0.28810379994106,0.0530327757554753,0.0691727179197972,0.135065906733412,0.486250464054149,0.286323435836054,0.239107225369077
0.0229359290188793,0.539063365864682,0.406601779118179,0.514866243804252,0.159726981863418,0.576176360257705,0.474583968035011,0.471884528269724
0.012346484220807,0.878008677847693,0.0720576094400542,0.147608308422791,0.503913681178121,0.866098857540277,0.535401033115364,0.610106442356154
0.0435782738662372,0.593878587753391,0.178419666058021,0.205507336800534,0.799788314681633,0.419959884603291,0.833082649330951,0.751593123155361
0.365002526808528,0.897818589948316,0.311603977790424,0.507174494632182,0.968935562345864,0.975844343089795,0.712487577113382,0.924321299481556
0.00616418635048421,0.674614050177746,0.0244768947479854,0.231440985458912,0.00195478761692003,0.0926287290218598,0.0025169132470495,0.0172414953960122
0.333693475368411,0.863568710210643,0.520453094665688,0.514512294618302,0.995063801973038,0.845407320418829,0.950374388697701,0.964102822787615
0.157329361667759,0.904218730812139,0.260060264233362,0.184376109793792,0.510930882114508,0.946951087639393,0.610745429202081,0.425088967206925
0.0163557527687141,0.815873917113771,0.280117091896623,0.402665445502203,0.606721429148099,0.712767400274233,0.64429892565835,0.755733494879675
0.0033064951212507,0.651960338927885,0.0554992991106936,0.0505612963246947,0.548155339417404,0.410606261738226,0.489528913939486,0.346510041818255
0.00204468909525413,0.628089080880783,0.078795867842076,0.155359854830463,0.532693528116334,0.646544760815782,0.778660348447696,0.735344149987279
0.000642486621238336,0.343304703570368,0.00110010125469395,0.00384955646239882,0.389341517630513,0.430905939568664,0.235734546476003,0.273437261253796
0.272843737338334,0.566767950151461,0.143245355890547,0.20708586514753,0.808646802978781,0.301690858472788,0.609964730224402,0.518335444962496
0.665049059098482,0.884244066943706,0.20559037839385,0.237796646465763,0.650261525643982,0.914015997376627,0.203010820709329,0.380234068518197
0.0568862210750669,0.990898947212602,0.16845728990982,0.360302680912173,0.818996802884839,0.877754230606245,0.788698145415514,0.91451220702088
1.60301149227937e-05,0.577718806665504,0.0104582361465885,0.079705278463836,0.900195811915493,0.12316123700454,0.953846963963558,0.88381091443008
0.117521480376418,0.82713229300889,0.0218140969289911,0.0536456791775015,0.141455921287886,0.654385475738787,0.131207418968017,0.131045958567587
0.146325676372162,0.564690716438026,0.176383312661827,0.28730302679939,0.376889831432731,0.177963196651347,0.431136984037084,0.358837195295775
0.00190233798659456,0.523958315301544,0.00245442369841031,0.0206084213131037,0.0480776376457467,0.466365440341548,0.2465432756089,0.375939083810932
0.00749826486224614,0.170616893073555,0.187685683053396,0.0564889411141728,0.17102326800991,0.447810600445772,0.453141638625294,0.322613598623013
0.185724000380619,0.208284257774381,0.0532252019849822,0.0974970786713619,0.777724569392235,0.106218922740787,0.491871796776893,0.568124590648376
0.00137532549735631,0.437802051136861,0.0271699065548469,0.017946246563736,0.530970527050462,0.0614610419156033,0.72574289784569,0.394795233000623
0.140027762308305,0.934853116884383,0.4127025658113,0.486979473367926,0.879973487273773,0.756291348017609,0.809076634205204,0.867086347711051
0.598277561420082,0.812794991761543,0.409072657381876,0.841569879537345,0.118606040797434,0.292409375181895,0.192579714040037,0.358823878653633
0.00991403905764587,0.0471274331934504,0.064598870812566,0.0565966164810857,0.0532791849332478,0.322910090153213,0.220324706952357,0.188185900962679
0.0757120706741504,0.907075045904686,0.291854575741056,0.463738352600881,0.943077298189337,0.522091985249624,0.90944562298668,0.845447980128789
0.00284540129913824,0.529712850031257,0.0047017773937601,0.00601776598477521,0.412778318427685,0.896864629101666,0.33416040961949,0.399532360827925
0.323687410242765,0.757788935036391,0.165190559672202,0.2481902004642,0.266222568295628,0.700068451944198,0.293754953693228,0.227918870025253
0.605359229665469,0.792727875816883,0.425649292325135,0.683567604067241,0.904406043914709,0.571954618211933,0.8628207717353,0.789796646163889
0.644522708244508,0.620503289704141,0.634622675264634,0.711339642759558,0.479077714622871,0.205510632997022,0.48378912892761,0.492235620336107
0.393560630552912,0.563846080412371,0.246185893914674,0.163798286751912,0.947555660752638,0.782668273876975,0.979338632880692,0.947042602939453
8.95343391265069e-05,0.134576657579902,0.0013652981739124,0.00290270526796932,0.647495315616696,0.719867812468216,0.450420341888427,0.413760059361615
0.142121449422996,0.549774350122029,0.134703492581899,0.346521910675084,0.518631042835745,0.163317820939103,0.38009935991127,0.546296429214111
0.241594594546327,0.51731109036253,0.548314123172871,0.445878894584421,0.405239173696223,0.44441273402093,0.374832899746048,0.320916445030618
0.496331488806075,0.146157499787975,0.595545943257851,0.603854845372927,0.943983994114359,0.107776625119244,0.538578846001144,0.680280161956615
0.759319494048045,0.210013283757302,0.527208125268187,0.589684321050288,0.902788979146967,0.214152831933617,0.691966654188268,0.543887048470866
0.0343133567176275,0.170169911851292,0.0715650759278359,0.0488250220103943,0.233916743997403,0.110673056776961,0.179991046913914,0.0962019944278475
0.0486577704540032,0.49598939496705,0.0378657406870452,0.120925640161289,0.708584970334561,0.215302701441668,0.415004354152581,0.512505590515237
0.982101153811297,0.1306242926032,0.851347517090622,0.784140509815366,0.972972378880972,0.0461677720376521,0.480446416639039,0.399431431606228
0.124057527091262,0.0827342251638644,0.149877638997123,0.164279692396171,0.137459235664251,0.0320778965803366,0.46926204693116,0.243498845492217
0.0436623063161311,0.24334238099834,0.207690714335142,0.244738431046445,0.737063999598883,0.0689323946528215,0.433492122576999,0.501000835956509
0.140946428480414,0.374762618088553,0.270457416721277,0.307568768359527,0.801512680701864,0.421599735494547,0.956123127112185,0.912811343773866
0.165928824758332,0.170568218022922,0.17881094693514,0.121465295424656,0.750046044944322,0.0466999880671275,0.406163776803096,0.269897480368629
0.571095240438975,0.371815606259476,0.430040465726565,0.583052700534312,0.870570807079514,0.796277065370978,0.805207262524828,0.842893174109371
0.325329179999432,0.922726116585921,0.375229473933323,0.733347592671114,0.95148584983341,0.944971493610488,0.852865477568125,0.956427232923324
0.0578047451387942,0.556733626133859,0.144762295360385,0.190529237239561,0.561018323867348,0.504976324203111,0.619186502372619,0.513422252080841
0.799401526126428,0.959066220693424,0.847973490164135,0.834319627423932,0.934219992190477,0.893998582396141,0.924519131055654,0.852656525157043
0.0187887281472457,0.44742789454736,0.528593212154912,0.452802854954653,0.791162260913818,0.329188891332869,0.969468883461945,0.928700797044038
0.111077516572556,0.212847249053017,0.237291113667211,0.357972386283341,0.530836671213649,0.732632935600919,0.413869944096945,0.686384897623356
0.0209078143664561,0.258117445543423,0.58989578096886,0.41107832216487,0.0445003599820539,0.224329505106698,0.432496081833477,0.231100050614361
0.0594343657455567,0.853495354148786,0.440310051077519,0.471772110236543,0.292675820330062,0.75208113358785,0.721474721444093,0.533307195312757
0.0104227569707274,0.213491307382814,0.000952442360893979,0.00316265464530863,0.0700686917144623,0.0841998632106364,0.0368388036856306,0.0738249949708093
0.717412923340544,0.132277177813444,0.942939780336338,0.805933810502698,0.869397471076335,0.0240428625192199,0.934520873840495,0.637111893920412
0.186136848765163,0.970595785035361,0.429714970434369,0.822553450166277,0.629774692504872,0.959276094578097,0.569938154913689,0.744229332004594
0.0260944912434972,0.576991405895121,0.0669055919689752,0.0663517724105502,0.700020319487652,0.39812685470356,0.493802551338817,0.327340090797221
0.615448617876109,0.0154355596067659,0.609637976829778,0.544429531716703,0.464584093281074,0.203786202323982,0.101928036186239,0.087608584339131
0.0238264267857264,0.536921292921587,0.0989686969711633,0.131508410592375,0.42313839233897,0.32996927196754,0.411197868047773,0.540002706963021
0.926889936832641,0.493326664936224,0.798746200365425,0.670060787164533,0.777591691314564,0.725781740926193,0.739054584315203,0.737194993224816
0.682231243105364,0.721664990584065,0.599140060521001,0.951825031830959,0.834382585460652,0.61745287168702,0.804624228979815,0.976062158444097
0.00238606583932333,0.0739218043689945,0.0329525875080412,0.0402293324074045,0.220235246029562,0.601059844601672,0.164265479332581,0.255653242579692
0.564839421082642,0.277300473150657,0.235968653942981,0.253377938414996,0.984461934353803,0.764263903631657,0.789966738288447,0.862306183171931
0.121921429283472,0.112234106682864,0.135585505042122,0.159095498815619,0.886133648182301,0.930941807499591,0.902815385123825,0.988171740230673
0.100829613402903,0.590473139605627,0.158638032432041,0.215180116581676,0.628384947454811,0.0906623907897639,0.330937208413088,0.206604272528929
0.00181553653431243,0.327254034793431,0.00142226991221395,0.0107056151747124,0.586274330864391,0.551773281523647,0.149451272039756,0.459829257224669
0.15355479087991,0.188314969036984,0.194737171000381,0.0952889808801543,0.504051233750995,0.530777852323748,0.363663160860438,0.261651174334138
0.267943248920916,0.193857921692101,0.84993465120496,0.625139132623915,0.792003364649374,0.172126534194297,0.993188285832936,0.840330283418188
0.451760590662826,0.279424608988587,0.229947893942338,0.205075597064485,0.64021414634526,0.928975776777488,0.303427823731854,0.449332469966492
0.12689902870215,0.473349155033812,0.409098807247631,0.442301276176327,0.724565550512315,0.606091076758636,0.780191549984978,0.845740742138931
0.0112604829749322,0.458026505198397,0.408305371761711,0.38231934648164,0.726699717442545,0.48687542642167,0.75665904295582,0.900146170096354
0.064335293403974,0.995305925602124,0.137892489334908,0.306907709066299,0.642673811448166,0.996449118846412,0.624276011896232,0.92666765075709
0.0473929841507458,0.490895460400177,0.310742090494181,0.320947815000381,0.82089135100308,0.496223310642299,0.718763321025614,0.730531025852459
3.77376840767774e-05,0.665214616346149,0.00301371461226696,0.0136659405482589,0.0422109029084583,0.869929838876371,0.0731627224679925,0.169132127284654
0.0185628492279167,0.180043963107252,0.0896355858411866,0.0179071878436959,0.444874647231186,0.60442673417717,0.299689303682493,0.164883010230697
0.00646443361256632,0.0520336401339749,0.00748749835350171,0.0101255844862762,0.674088763042759,0.0754266313208078,0.200132415901664,0.175603640171047
0.095142504917476,0.374997626427311,0.183996727348268,0.0787704223133704,0.137277613286451,0.30804199248605,0.337037683458891,0.207485995390804
0.665235775075933,0.7432012204865,0.678362019482807,0.895913164283017,0.888670737051674,0.899131446961974,0.620268681234099,0.890626660051813
0.195655542283571,0.0265036200766142,0.482906983642007,0.361165525086406,0.788239755206144,0.0524054349294041,0.693292956436468,0.466143171211433
0.000720590400851484,0.484321502190046,0.0630950446209979,0.020492941697077,0.511947710619957,0.402979610884296,0.873003403290141,0.653577594917043
0.141130912776598,0.375211505221121,0.30554644570043,0.267603828505051,0.595931542339076,0.19624296865071,0.702520207431464,0.499751276039697
0.179565784711558,0.368839027966566,0.585648508340241,0.556926149628666,0.846981530485771,0.897035282534928,0.943336130320817,0.988799423701251
0.0251794696061212,0.252621913139063,0.185687224376166,0.0449124272210076,0.403695451945338,0.854341595909358,0.435373640320762,0.296959088201493
0.0144895942554422,0.870457118674479,0.369546439451391,0.393255011125885,0.188016340473083,0.512800869175903,0.42560067993561,0.403237924867664
0.548081358970189,0.0332640350980576,0.497240379608618,0.292532658170014,0.363850074185109,0.000817044911842202,0.558757048875034,0.124261970585549
0.00667555920327345,0.57228683779431,0.00289353424662775,0.0180984849166601,0.193381421644139,0.266444812577377,0.0596208232374557,0.119394374827354
0.116402182359115,0.595103132141072,0.136534021717082,0.252629954710309,0.58289196398153,0.235306445977312,0.461100197475835,0.307145785950336
0.00491371158428044,0.918729444139478,0.0266157719518461,0.173852596593234,0.840437251397843,0.748717635173686,0.707800018503624,0.744440860781822
0.66622052110016,0.488690677626396,0.760958269946199,0.496690251526219,0.987215845527565,0.65630311440941,0.944644760587437,0.843026168918369
0.0876536885494906,0.19141044553549,0.223127349231262,0.232884306432739,0.688821814906783,0.437024223010319,0.698687890795179,0.62231760136935
0.0907650031007993,0.809137307808725,0.0905551132498836,0.107747942965189,0.204729236520698,0.702547377297324,0.427924259655826,0.481093422161941
0.663015384745234,0.419843324922296,0.637436507183064,0.514541233316394,0.982700564711465,0.124482798740053,0.892177794181811,0.776987514424516
0.172567602536758,0.741132190629908,0.558505263114707,0.520526212746376,0.217404784443888,0.332015672961731,0.433710768706546,0.225838984041105
0.000304274400974469,0.752192645619955,0.0412971742007724,0.0342146724403235,0.125121329857719,0.502803099109915,0.139679458853632,0.0858284683512246
0.492161596231751,0.463651430752046,0.242563387280702,0.420704532502966,0.997034462019369,0.967312527434341,0.803428812467016,0.940142671445151
0.410755874333177,0.689745943332417,0.926222611294911,0.827245907195405,0.266082029554055,0.539562081896188,0.833327368858404,0.728038730645807
0.0714043544864499,0.303746990216601,0.201653510401853,0.137540155021652,0.551223011618088,0.297026653005412,0.342657076134642,0.214535685486397
0.348487300046451,0.697582038385598,0.42731645071962,0.589874469938447,0.838738118201084,0.801735131316664,0.777394982767279,0.85153065848519
0.0515248023629767,0.0251907077249806,0.187968234916122,0.0443874732496949,0.255181370200302,0.0180756349547165,0.299251531894748,0.130192671323815
0.616074528168102,0.576008075623639,0.56548081938965,0.713285370068814,0.990280950782862,0.619724549057978,0.971687815786483,0.960170401982169
0.000551650315431362,0.39948129341799,0.00254414804872172,0.0414170142082535,0.0622326110406872,0.0425835100006823,0.0114556730531854,0.025544251130444
0.00270292008776551,0.289660878859257,0.0340999954394288,0.00521167848567261,0.0145689410837484,0.367003725509153,0.130416086696346,0.0425990519400883
0.000131701333722534,0.239910176009811,0.00539127604165823,0.00300509900047163,0.0146132997859318,0.476736281726121,0.0455911758216592,0.0599627055570237
0.242190590809139,0.772925293936462,0.460792622450655,0.649402030579429,0.376821004804794,0.931472820398177,0.697453775445159,0.860105786820913
0.546203126727181,0.6076161991417,0.240706261694054,0.402928855761422,0.832679427224646,0.39221049148444,0.598920342490144,0.651659854565453
0.00511122927522689,0.780437555291004,0.0142655638176196,0.0447308153811871,0.0635512531638966,0.170682835471241,0.115015997835164,0.18962179139678
0.024280089750518,0.0809125984296388,0.487444870843273,0.272925911517834,0.209833934766847,0.494446384216614,0.746778114363998,0.796458560799606
0.0452529588636441,0.754565417507174,0.129517953851164,0.28131557070686,0.453830205494733,0.828137874456952,0.422717949052914,0.577550389932086
0.613000185101676,0.587042828354331,0.439753927034824,0.472271101502286,0.975828123011527,0.184376091242981,0.927209829742672,0.858903261803608
0.0048929008435098,0.942023917842552,0.236043167008012,0.492227865405601,0.709061801625551,0.915664032375062,0.82885515755692,0.914062287114303
0.082136737730686,0.894501900227277,0.193495658953538,0.535086742122444,0.770930332968459,0.680831347616126,0.930222059775414,0.832869690626937
0.728623402432279,0.669159244714946,0.689348294363839,0.571316661731583,0.974827576168283,0.436253079039714,0.856115677993661,0.763809065288541
8.02471258518622e-05,0.0060689472232941,0.015731637115711,0.00361447818004001,0.103190478097639,0.451861457343448,0.577924797637947,0.357285837857017
0.122320167991447,0.656334620945962,0.0469681049441742,0.0899658966270755,0.515622805103562,0.912163444743722,0.193945345073926,0.460691470590176
0.000273062830814852,0.18422220978197,0.00269599027636547,0.00154417463651857,0.189279012372009,0.0631253510661302,0.0639278461388259,0.0245652474467912
0.123797956959881,0.354254649827677,0.333213976574121,0.31370961520257,0.924399373959113,0.335040517266625,0.948367214518645,0.956179054609735
0.387286750692186,0.21244065924605,0.70831342061265,0.679809214234798,0.885355756219251,0.0598665517632532,0.707925847058532,0.613555834717797
0.148980491579655,0.513404675262593,0.532312831194503,0.410606883844623,0.994276406713331,0.123903778255818,0.997233511776644,0.931245948734307
0.0217469287354053,0.629485204262951,0.214913906043235,0.393945671382417,0.773201519290667,0.554896616294339,0.649606497068557,0.717424149686409
0.326613257504735,0.574352624891847,0.628724028527379,0.396976735464026,0.686808654370224,0.436804515793503,0.859823202314595,0.616301490715184
0.179877809126184,0.134986770718304,0.0736732995937651,0.0411955403500335,0.127413485725513,0.0643832108192667,0.208531578951222,0.100007646457923
0.00651501404210575,0.0844832851270841,0.130356911568992,0.119558708900752,0.499964491956628,0.0406742234417212,0.797109074699378,0.587197510605888
0.298847684089307,0.695552679624128,0.347172421020249,0.361801549433175,0.874277731289714,0.49814777563527,0.361729178350228,0.28053764673934
0.792245099460362,0.997327837089053,0.2194148669924,0.738877495086187,0.78877269178586,0.96685929036814,0.389174439414224,0.815896862577511
0.437703708728608,0.736750862809295,0.557727452497246,0.567683689896029,0.636626757508996,0.65741706004291,0.626412073414283,0.372602649275382
0.595411433191932,0.173255963356858,0.623019101103415,0.608248260411959,0.957243229328888,0.18262915298262,0.752061879307744,0.744755245294882
0.004260464770099,0.682243717100128,0.0610857959563884,0.0300268658423496,0.145370208849336,0.592364782822104,0.259725669064138,0.113843021334565
0.00182483474217787,0.277887472465401,0.0211631438237014,0.00596471920483432,0.327111196283733,0.281213341606765,0.149113634781792,0.112870877822031
0.43157877092657,0.825718819201815,0.485570806063859,0.501734840222554,0.9872024141375,0.898082459293464,0.816258621125766,0.903311756753837
0.446215097125672,0.910747831827755,0.644768126867372,0.675929028580553,0.893025226577806,0.87685690009795,0.969033084800272,0.953748126605222
0.0802475066182579,0.120553728131035,0.0131623910369192,0.00398611936241922,0.0501672257206869,0.0185674964982951,0.0131424440325498,0.0005956947824729
0.534273636668136,0.1137119744315,0.705280719882798,0.673877836147311,0.936904207699909,0.0503816485888805,0.945008973784184,0.842664635690131
0.0939035586367135,0.539396518777715,0.0292234951476636,0.0396285179423107,0.86663461373017,0.370906827218162,0.361510297641453,0.404123124617809
0.00129693925386165,0.683930289210554,0.0118838411854001,0.00630167539104387,0.631190435696572,0.844238723386831,0.591579706345506,0.743176419388503
0.113134193968079,0.118318779202843,0.130479298824693,0.0847468735663031,0.818218716856852,0.171755201443079,0.761015748642642,0.788679645262169
0.182977893672725,0.576102916992571,0.219079345159165,0.257547291383161,0.749965205143536,0.179827320877239,0.639329581170164,0.500596938488416
8.01237648451192e-08,0.173199694225202,0.0100571016170719,0.00373210291381676,0.193314217902694,0.687375041958137,0.213457734204999,0.328008938790525
0.500800674019424,0.688280424761593,0.426398788700447,0.344372117913952,0.974095073600917,0.894025971129192,0.856036493923739,0.914862173279585
0.12909608395861,0.101101652721417,0.0884120661903739,0.0484611025356482,0.784265110456016,0.114646182243238,0.610452578911211,0.458591521819172
0.217431025683782,0.104178942180526,0.585039275608318,0.243122142508307,0.582857540806467,0.0209430780687325,0.76162055365475,0.371416162527442
0.0783295841435301,0.807609038349388,0.197013304265353,0.259872606837229,0.500862698372035,0.430739126737839,0.109005896398307,0.148870892877011
0.187081599154497,0.852656672333809,0.378140179590686,0.570649941348799,0.864478336341421,0.811605494654435,0.83783764233632,0.893709125084173
0.0481304311532256,0.829316625416328,0.0633797031823363,0.166821613100866,0.388202324497038,0.802935780660185,0.205961498929578,0.297075898976693
0.00888067886235633,0.230788634055334,0.0937102619312424,0.0704023203550792,0.195213153090886,0.175129547845937,0.251877287530004,0.294080754429128
0.0298497980406327,0.559151041031543,0.170965777440323,0.171952988755479,0.2133956533003,0.49900948780016,0.523580975606871,0.543684396514466
0.0830305516658947,0.482296522539703,0.202352547243452,0.437569157050911,0.148383193355562,0.334963780527743,0.492066438544096,0.619274583717384
0.108166082495786,0.288207716055986,0.667502122055928,0.49580972483139,0.465017552827534,0.0731147795166824,0.834255692686617,0.567688298189824
0.0458039275522067,0.14325107181582,0.157214534779565,0.143112866334739,0.942973863711161,0.65068326489929,0.931557385975935,0.926556963956932
0.000853409327984611,0.758637717830089,0.172906843737729,0.200693301700458,0.311863082778328,0.916220568345383,0.428502297216373,0.571406125096232
8.02654195748431e-05,0.392070706562265,0.00312279931261938,0.0355965098777372,0.206162818380752,0.785587659123674,0.12151313067952,0.491956509227962
0.199464579999204,0.204995276036754,0.406451685965106,0.534280606555867,0.742897969857883,0.579730384485919,0.710423958249831,0.836082824384983
0.0756156254459412,0.694666393715038,0.146572495143646,0.0845793419665488,0.247265999006079,0.685709625256631,0.332454968879641,0.0840778299897714
0.320109177692075,0.0804030874574416,0.179795692536233,0.225624235878203,0.826220149598905,0.130239320751703,0.434644333137532,0.478831732168285
0.0503916526194326,0.486293077273388,0.0666451918437634,0.0839597058344055,0.4503775550416,0.505824401657848,0.14859104898136,0.402990152714747
0.00392731388089707,0.802089106671446,0.0380499126658029,0.0319243076339211,0.28610523687723,0.786393390004477,0.469825766757312,0.411229540391242
0.063619796419821,0.60004615309489,0.035655724739338,0.0834587107503132,0.23945925322533,0.417656157922984,0.215344502942767,0.190273387951593
0.293123805433111,0.317442225896654,0.603835981592276,0.393930193402064,0.655248027396954,0.241974610894816,0.627297693195054,0.559790029967481
0.250823734389515,0.444476233214104,0.461332207386856,0.543705271632825,0.706667919379795,0.440040302068431,0.799193950103632,0.828423174065512
0.191114902919273,0.0204626926628189,0.471645282260878,0.231119567938329,0.823588735351972,0.0047870305542308,0.802941537624343,0.276810763036997
0.0582586600098614,0.406310386936794,0.0528999077099904,0.0857118642904285,0.234146527874356,0.249025392714874,0.264622010304044,0.253946151921338
0.00399365456674972,0.463003407396942,0.175485267513863,0.176698127890638,0.781631325720776,0.180726690619712,0.795334830644815,0.666051052519649
0.00605655407438588,0.241785540824346,0.0447724785077743,0.0536023685956237,0.724212144075277,0.40556596478599,0.717058606830723,0.667318493964158
0.205683252777911,0.921785271029581,0.444847719027449,0.489368466796843,0.455677438423032,0.8382255568957,0.58176688280462,0.489663144487152
0.0419290667250513,0.53957686861774,0.0366943340629423,0.0731217917239495,0.382154052074011,0.691380562809465,0.0817185332619099,0.155378519983419
0.0150428767742309,0.587159714307815,0.149638707697908,0.458385878315651,0.364426808594839,0.343625506872989,0.365930205762793,0.5177548291165
0.0502253486802354,0.640350133521016,0.0595826081760263,0.174445912285732,0.576676784627964,0.412723055576147,0.898882191735384,0.889320331310759
0.0394360682671901,0.226653313727388,0.0377059416295332,0.0160243266276215,0.00830893552592082,0.21379621554863,0.0935327267058312,0.0251023633598266
0.031916950588352,0.612513807901889,0.183174650681367,0.469123893751058,0.856399602665593,0.365584288136504,0.89040261839958,0.914425897818723
0.0105772915662087,0.852352434889886,0.0619711638646778,0.0530415231741027,0.608926703959258,0.696617487093122,0.52805592309256,0.568889759114584
0.205312784042903,0.46025811597747,0.394948910396306,0.247949544645384,0.8108630459183,0.190952982415302,0.727491018981868,0.396214838434466
0.0884790958913372,0.230460380596154,0.298149881450074,0.251331360820224,0.809928340848787,0.292755474662982,0.924361177251007,0.864425191571655
0.0365503135727251,0.192744986818616,0.222765144283286,0.295207018669899,0.651088044884345,0.246691925048009,0.61675234058859,0.561178073606728
0.0338866291258819,0.235126697641732,0.182853495441134,0.166201993425196,0.554662239951493,0.329762594171244,0.749113986424292,0.72361167239617
0.15632918945764,0.383967916785534,0.0763739333661275,0.12751171905705,0.209966417895462,0.494673048639796,0.0660529059892467,0.0695640531292143
0.00015168012919009,0.206315235489628,0.00798457893449045,0.0134760436863769,0.0170125033753652,0.155135155114963,0.0471445033239074,0.0622039411439234
0.00387175818996621,0.119890695789396,0.182578352382525,0.0306368775674267,0.158386563719626,0.102668260473238,0.465449890594258,0.309083646988581
0.48867640542113,0.720186627394162,0.0361231627490042,0.174546455012964,0.854851245319639,0.859975552904181,0.561000901941054,0.898793669476238
0.534679468487864,0.891892201932831,0.147744935193398,0.311945382331221,0.578660003712992,0.552619742629227,0.207058276172983,0.316972917294829
0.435490870696811,0.0892145769146658,0.313529888190598,0.209339160119875,0.394764573021735,0.23938844925486,0.344064334014225,0.305340309090238
0.467148144837234,0.093244868417119,0.233662988482489,0.314770623588769,0.746642894924649,0.377054071322755,0.674888759942054,0.891754119245031
0.194525682446003,0.265247473006829,0.553457631278962,0.21468721833071,0.252035721006282,0.0111505796682231,0.64973127537816,0.16638398271215
0.347897061686655,0.709035216049329,0.515992207003744,0.541194317657417,0.975294464239449,0.914997008011487,0.784371288361524,0.93088212047823
0.29196251047976,0.159981094175468,0.164354502020385,0.206411485429564,0.641905291368306,0.355403757551385,0.0794998401357728,0.325211243480993
5.3102297225327e-05,0.644705961964436,0.0171669143834856,0.0136574590737554,0.613912300205517,0.873901107530196,0.305519572081383,0.676597139967934
0.222566054238201,0.879109361024449,0.125983557274862,0.255994774151785,0.373082174481226,0.939991062191708,0.1248523155467,0.330631807246096
0.597034480250656,0.43797468058263,0.306712026440789,0.170854036028045,0.451676693877726,0.709171326215278,0.395219970018239,0.301702634512494
0.717217548742073,0.750132837331558,0.720979314251482,0.861456719927858,0.928189505145916,0.771683131894748,0.915840551261864,0.877694720157684
0.068676340060236,0.686586919918855,0.587271646631071,0.690043722869617,0.412068597459812,0.410011869338302,0.886962043958268,0.847574431470264
0.000716155626784953,0.926660672874968,0.0012681849710936,0.00855350342494832,0.161956650029612,0.961180215871795,0.197971940893237,0.385646019951523
0.00627940038479291,0.543119636640095,0.0757096402531034,0.0875863635202325,0.485296153948505,0.115218135541188,0.577670324430124,0.410266995580121
0.509577892487492,0.866675262805394,0.0266112814040733,0.462057526212496,0.575695657587074,0.997778727669439,0.0271870155090859,0.665522281789176
0.685018580335082,0.87652349258314,0.626965964560519,0.702274249295507,0.436712923909479,0.564202745852705,0.276026392816532,0.264675667139925
0.0520084101466221,0.946692487481465,0.110693682459823,0.106993594505271,0.847014294900818,0.520675786476505,0.684121739172876,0.571391457003551
0.195621064989004,0.728148149758355,0.169965984034689,0.378318046260394,0.395932637824109,0.211806463645677,0.428916678092547,0.653953103058084
0.0320386137196187,0.187926663005655,0.0206196678287348,0.0371947460922776,0.0951489428133236,0.146367355680301,0.0123072125837016,0.00923510213819545
0.39467100626682,0.391281597347844,0.61208360344725,0.364208454863085,0.988911687889387,0.216019346117012,0.85384857102185,0.726937979365018
0.00180871952564809,0.287497945095399,0.00882095348934542,0.00379796513118258,0.0987069642133481,0.370850864810018,0.084792446810948,0.0301758762530824
0.0355304348248832,0.00497716998585329,0.397395176300312,0.137999319576019,0.382099738119502,0.000584666531915023,0.501576855859762,0.100382307168873
0.142800526216992,0.772380173554994,0.325705100552548,0.578381190046238,0.375555743651266,0.850613767642544,0.398164293674052,0.678795034797671
3.47075709916655e-06,0.146413360310422,0.00348137834741935,0.0052933680380679,0.21810471561856,0.0443647827789633,0.645042212359537,0.56253756003078
0.000888576457862889,0.673402781156637,0.00717352947553307,0.00550440122122386,0.461807735630973,0.814534973541778,0.492316889808349,0.401123819223557
0.0365401277244809,0.125806221696524,0.127524200303931,0.0841598583922247,0.371387324245155,0.0570552539760794,0.216968132372908,0.120303027125335
0.00369321984667903,0.0588632538007081,0.0738851872154855,0.0192484881668595,0.0821493460352569,0.341174693026039,0.445982188861661,0.327726463107208
0.0443351285126935,0.433221802130198,0.359674253993199,0.388580660642833,0.110833713478149,0.448230430182638,0.528550212862047,0.443439526864825
0.0365835120409007,0.630903884673725,0.0411587405801999,0.0260324759258476,0.358192221213783,0.480974977814354,0.527183107307496,0.532310072790885
0.489673126183134,0.845639742533244,0.8731683449333,0.893495364220661,0.931206735445144,0.696968121622771,0.989646244698347,0.953876231494056
0.585639736262428,0.0485573957566806,0.543613547435391,0.446245108028397,0.664002489591551,0.0668787089741669,0.534985039513438,0.446346060719275
0.603806737274659,0.0357384982217197,0.930678177798629,0.924592624348075,0.999500838646294,0.265186853547848,0.99974980232609,0.991264738191977
0.00350181294879237,0.774608437052121,0.119349653966499,0.150214723339382,0.787021002595069,0.646936143266288,0.806990223350015,0.775329635257429
0.199237547023885,0.0982325044271464,0.422234292950418,0.428381550602416,0.408352896975171,0.341401458696019,0.604703922281812,0.700298059363478
0.076602577770746,0.407808183059626,0.293683200977667,0.287221523477388,0.0315704081565504,0.209820228202486,0.179230151300231,0.118598170115119
0.0944005146069491,0.325251343167697,0.163376071336359,0.0809566039144838,0.27923355651436,0.254962320525005,0.405309130367188,0.144007053961643
0.00833690371757911,0.729730900748744,0.163862756996177,0.0956571010111339,0.762284488514387,0.9820914610935,0.918162764507642,0.947340899298838
0.0569833798157379,0.0770888549920885,0.0794482353862842,0.0729698190694433,0.867223059505391,0.131791653329985,0.969020495966887,0.821167567818964
0.0121206775485061,0.849945091366777,0.0211653433351184,0.0400774390741677,0.68706935585026,0.73215813126716,0.455051335064243,0.493960685257415
0.53666958437298,0.308842368442397,0.426191044312312,0.646043783508312,0.9366290368594,0.904545739332262,0.836221807785781,0.950458888602158
0.343979896477839,0.162897192706322,0.484362650928718,0.457107970181207,0.853371387954255,0.258576258789886,0.737331299611609,0.679706735795036
0.151097669749487,0.178600516762613,0.157989957072861,0.168918601918885,0.740279027191922,0.0443994033281887,0.400170947809495,0.454622501242286
