"BrayCurtis_adjKRV","UnweightedUniFrac_adjKRV","WeightedUniFrac_adjKRV","GeneralizedUniFrac_adjKRV","BrayCurtis_regression","UnweightedUniFrac_regression","WeightedUniFrac_regression","GeneralizedUniFrac_regression","BrayCurtis_SKAT","UnweightedUniFrac_SKAT","WeightedUniFrac_SKAT","GeneralizedUniFrac_SKAT"
0.215015654043803,0.427568565206798,0.00233217063536839,0.0408675899931363,0.0334612063863655,0.758869079748484,0.0017313922215726,0.0090854912070178,0.0670425959092178,0.602080057638391,0.00349261977175996,0.00904380192290954
1.11022302462516e-16,0.0895628127168128,3.17961768026009e-10,1.17683640610267e-13,1.57644432739213e-09,0.23414812386363,0.516396353241957,8.12537179497092e-10,9.30845787337641e-11,0.114921339306101,0.57157140091448,4.1949492058623e-11
5.58360035984862e-09,0.43366808661288,8.93100827936699e-06,1.14697756070647e-07,4.68176014692831e-10,0.627015804716114,0.551571771281374,2.01856090148094e-07,2.02519672143353e-08,0.651850308830559,0.22965022471288,7.56450732719571e-07
3.33066907387547e-16,0.47650122854795,3.04426061026319e-08,1.14944186391241e-08,1.58743971694702e-08,0.53049095272613,0.0668029217144729,0.000486137140721291,2.43532437493723e-11,0.833868960033767,0.0186702797170405,4.26222481242355e-06
0.0906861919201066,0.308629955117679,0.454156820332951,0.248327929045485,0.554789805578733,0.0987368926549844,0.533320390103661,0.935570253124641,0.02345880250449,0.0645375527003552,0.711408031259471,0.192925682367175
0.246515915894052,0.0570143789184953,0.607580467749917,0.412148924895717,0.267033022337782,0.808147600559601,0.254849690227296,0.712025137462589,0.0724505912400144,0.579683216331957,0.310503340698276,0.321333138942149
2.13051798425568e-13,0.274854713717625,1.53136664460263e-08,6.29529761653203e-12,2.09500964903894e-11,0.210905283710015,0.0897642747081752,5.87475847369434e-13,2.50916685179611e-10,0.169566376729553,0.260056448370703,6.94114647606293e-12
4.4368286822305e-11,0.212752799314238,4.76320127118512e-07,3.8341019248378e-09,1.06048754606914e-09,0.105764044511525,0.0029617751399025,3.548483596973e-05,3.06773365595696e-09,0.193158394800032,0.00249783354530431,5.55665064789768e-05
3.98570065840431e-14,0.748549077693173,4.98275359861466e-08,4.60288307468915e-09,0.0241808677599481,0.58429217934547,0.934435898983917,0.318207974625565,0.00615334917169719,0.548946266269147,0.396267982303221,0.346362750539585
0.000611612546040585,0.870694572110063,0.00920617185481598,0.0129794372502603,0.365932998865687,0.973997116796402,0.111125286538653,0.162677452293184,0.705169693524797,0.236658963873624,0.305187143252617,0.419959604806776
0.136995014536696,0.175907679440328,0.258124875554989,0.15704617966191,0.888628326242041,0.837702620928414,0.977436828444834,0.913070330382166,0.699018444659482,0.870995525582596,0.265789440420485,0.547819302660314
0.31439747624363,0.191638259097941,0.196633329023763,0.276551761624294,0.607082516155874,0.153999762384523,0.0748722823192327,0.168604035309847,0.591559563927084,0.28288505075266,0.0920773848784234,0.25123003378273
0,0.285101404145128,1.18690390848997e-10,9.10382880192628e-15,5.28027088779604e-09,0.336847020901381,0.910691218172527,1.13466895848969e-06,9.24889125641478e-11,0.241396081354131,0.0984882070507357,1.0479796463958e-07
0.0211758112143604,0.685162532415418,0.0361743277888287,0.181317290645173,0.0177445204271611,0.804374734093606,0.0180425324921296,0.119493960199797,0.0279192103551653,0.616826414217904,0.0413787854122827,0.262576263231463
0,0.00770559042836838,4.62972882253609e-10,1.7874590696465e-13,3.05681732703815e-15,0.149148907794362,0.861599203318172,0.0829816579393803,6.7228636273756e-14,0.182333927291481,0.671701868948985,0.0687277386446551
0.0362594037025784,0.561773743808395,0.0890522686295387,0.110625854443334,0.746467353738762,0.835718308597728,0.937305886407785,0.818555399537138,0.808334079450413,0.788307592786472,0.956019382298784,0.962088078064449
1.48658862997308e-13,0.117916599953199,1.30292815203603e-07,4.17989587386813e-09,8.06247151183125e-11,0.920622376938602,0.00750791386198984,4.55551157705007e-08,3.56703019461384e-10,0.874595405201871,0.00817642212400482,1.87646481131232e-07
0.475489430603855,0.894054985845831,0.768877991493591,0.794901715726157,0.287558092721978,0.572998994688526,0.451681377293058,0.366109038968155,0.088955584006862,0.620210050626637,0.885058502418063,0.701523971401622
1.01174624234091e-12,0.98151657708367,0.000110814973342643,0.000173563719655934,1.25295437679515e-12,0.910544181687736,0.0765370968029154,0.0269572201999153,2.08666998242237e-12,0.72753435076407,0.119640628512464,0.046699255430747
0,0.53538539142235,1.7430501486615e-13,0,1.73196411429337e-16,0.605720581231435,0.146102919181307,8.42920410124586e-14,7.74826181189293e-16,0.830610210808305,0.108118335165192,1.84074941885077e-14
4.37354638249676e-06,0.0890003654273861,7.99536591040706e-05,5.04295521910336e-05,0.104922575763076,0.785859636971396,0.0359722477951308,0.341864095996547,0.012438006466682,0.847750374529326,0.0256300621037993,0.174636631466525
0.0295525460389908,0.314376989519307,0.0533524036845864,0.0790921264947944,0.0102661645785455,0.170626427457444,0.0754453032732067,0.0188002654709399,0.0182347790595175,0.290579194341071,0.100364091276331,0.0302003387878811
1.25991537980319e-07,0.78260161468987,0.00335491902302432,0.00620748184854469,0.000979509077139517,0.395815917820989,0.370043351232945,0.373339347107592,8.34711816555256e-07,0.726934928755814,0.665182809610894,0.000145568754627234
0,0.0743917747465436,4.59584188483575e-08,2.49273934826988e-11,1.4424237775412e-10,0.150169101040707,0.559718317198583,0.00724023344123324,1.18078002190733e-10,0.120498358346621,0.584393019428427,0.0038120495116134
3.82271991838934e-12,0.101800227591756,5.61701143264592e-07,2.19594586958749e-09,6.54079642866532e-10,0.465051311175916,0.104005998066034,0.0234960818981466,1.03011100789433e-09,0.40345096323918,0.0434379816518854,0.0125787532900357
0.0121139044495187,0.357211808816154,0.14597691592943,0.146923988015381,0.00283963253533347,0.0319320201850561,0.458641952019546,0.505740211517651,0.0070505634643615,0.0664235878844135,0.644487505833801,0.455430002218636
2.09781541471443e-07,0.387591542292057,0.000972398456507984,8.25520102539778e-05,1.07943839645989e-07,0.977523561994462,0.0507374544952633,0.00032925607666309,1.77947982693549e-06,0.862834974810367,0.0636183996913238,0.00102603869619644
6.30794427802783e-09,0.902603892944619,7.84396718299663e-05,0.000150074528819655,6.18278470803e-05,0.834968262437442,0.93223748548297,0.0383993219869957,2.98188248049058e-06,0.912951227596968,0.642155478513863,0.00819621167879647
0,0.573824817683336,1.31328660057939e-07,5.54467582958296e-11,3.62906949213652e-09,0.216455508198295,0.411065226748211,0.125577754332901,9.04851155311922e-10,0.194259889522204,0.4565050553675,0.0828452218463027
4.67615612897987e-10,0.758987973623556,5.96884683431442e-05,1.26276179190921e-06,2.52059934740943e-09,0.866891613305762,0.250542050166064,0.147343608792389,3.28137581558862e-10,0.757993168435125,0.565610978480295,0.135393603543298
0.0327146539630895,0.0042575790447279,0.0283541063458732,0.00374162274013423,0.663574940055728,0.673960207007471,0.220433070598474,0.0591084117907181,0.380144648516954,0.882667859521792,0.134511220942054,0.0358585869415041
0.000616764869867947,0.57254329207744,0.022295609328532,0.0127415830754102,0.0431924698290209,0.655880935835092,0.667438718150808,0.317302713890144,0.012244130190135,0.760037306186644,0.906369859924269,0.525859680957935
0.156913448394501,0.0616963788316612,0.168710916426919,0.0493575633746075,0.80037129744209,0.0139842810785134,0.950450752389884,0.91120869845707,0.98257586365478,0.0270494402560247,0.957199529470431,0.923803367938997
1.96473936009411e-08,0.00702980521330565,7.94567871575946e-06,2.74972601355117e-08,3.78814171985057e-06,0.72581553341572,0.399072866585125,0.132596140501632,1.76109683395209e-05,0.862099469358458,0.118720012027375,0.111096827599618
0.0413465711590166,0.228798155856331,0.269966698421037,0.103973730907798,0.0863514454069455,0.608606321811175,0.794710698337665,0.976242541492918,0.113872317831475,0.658695799958037,0.795930722436529,0.983474859388734
0.00218116383296207,0.399583165510783,0.00329261687469995,0.00272298252446712,0.95740590323044,0.501570674789052,0.0677665274747161,0.00343853447022172,0.306692956192526,0.863976691040683,0.15039682899662,0.00544309748712579
2.00583780842756e-05,0.663110083272824,0.0026333778388099,0.000442594483822334,0.0106468462334178,0.191654242919019,0.979488615604878,0.569862793112416,0.00930780870538817,0.518101663141724,0.691013299591935,0.628415291686043
0.106953254598443,0.39661627905192,0.563202511832032,0.477089996837827,0.973067413791405,0.0507017344381897,0.576803118413665,0.855717083007864,0.96809524156901,0.0504122053158855,0.884953683343957,0.993887199377117
0.000336768668821485,0.0790118645154013,0.00357022079474079,0.000180201055066664,0.677513040165636,0.981354256882991,0.31134311001123,0.236985069233699,0.000209940927506702,0.745328629705966,0.306715054585369,0.221171471950625
0,0.601627977781581,2.21652279863704e-08,6.0143001689994e-11,8.91693961600017e-10,0.934531583442438,0.01917523430805,5.8799731954724e-05,5.25485043793609e-10,0.913284852942313,0.0125280897547164,1.74491960641676e-05
4.26016999455214e-11,0.633379632239484,0.000111757502317067,3.82954858857421e-06,1.3566426742007e-11,0.615666474662903,0.251146121884996,0.158040420043136,4.33832051006118e-10,0.597253882028397,0.201901403051541,0.140744939488905
3.99680288865056e-15,0.115174363628564,7.13649725758714e-07,4.52640591674935e-09,4.39772562640061e-06,0.288758298715108,0.719630420381802,0.582340042647713,2.40923165861773e-08,0.431131269568471,0.359422808613715,0.63294450433652
0.188478625130645,0.260124802955408,0.0626855183536409,0.101566670122713,0.536097969113524,0.730159350956681,0.28078284319579,0.237211374911524,0.252584238191787,0.95590843439866,0.113209283850694,0.0541274365935986
0.0455125901242017,0.421312819753516,0.410535952720154,0.312321379867532,0.669731133680562,0.228722470579403,0.537131668456767,0.611254593081857,0.759871921387095,0.151146483891209,0.780380754209184,0.935645459670974
0,0.388605020287078,6.81728501872314e-07,1.70477743033359e-10,3.08352280681487e-10,0.832448530311954,0.715280588075167,0.496386583805072,1.63780754625014e-10,0.664704756828561,0.935128569928179,0.746922274196689
0.00243291988948258,0.908413976682811,0.0093296180824638,0.00506229389386104,0.182913465477389,0.4276999283615,0.0955746321233885,0.224723819539916,0.00490926060873176,0.612777157657162,0.244866789113162,0.00748655753938565
4.99470714121486e-07,0.610289529005263,0.000905196829317445,1.32828893906201e-05,1.07211558391129e-08,0.981547096299539,0.69150097235694,0.434727965571817,2.01157716483991e-07,0.551774679038149,0.835973294118413,0.527294265172685
8.81983375222717e-12,0.548727278090325,6.47807038678394e-07,1.44593079065558e-07,0.000115396786166758,0.24193418092475,0.0974297893927841,0.00119852216767424,2.1098130520425e-07,0.767329061982947,0.0168430279223157,1.47601418130083e-05
0,0.396232565002397,3.01369859068146e-08,1.2157463924467e-10,1.02752752408414e-09,0.719301150836477,0.836629419423205,5.95691381041335e-05,8.54398816822628e-12,0.753937819020895,0.81530840004133,1.45971618237262e-06
6.73038513809843e-10,0.238807443173065,0.000255437348703924,2.19492877904237e-05,3.42941803496574e-07,0.638638644704149,0.431290350571465,0.389993680829574,1.29153896466505e-07,0.83709999328184,0.749466258029932,0.720797271501745
5.65258950757652e-12,0.0751432612657212,6.8815088131946e-05,1.23127283857549e-06,3.50485615770759e-11,0.297113969924729,0.808357101816828,0.430732128940737,4.45105896726327e-10,0.599152101720357,0.883156120692465,0.594934006359188
4.44089209850063e-16,0.126259074067691,9.41767066553467e-08,6.19887474684333e-11,9.82639100982122e-09,0.776751556394638,0.80273511496901,2.88205499487794e-08,1.66206936983749e-11,0.719776668485249,0.59862929692305,1.20302799506206e-10
2.93362756309534e-09,0.684290494302118,4.70967403402023e-05,7.88730139311689e-06,7.10631777390653e-05,0.802840807935221,0.321232886375508,0.348190416067888,1.82243658430892e-06,0.86904830258263,0.211200915726387,0.334499674586244
0.000135707627205828,0.686779404508001,0.00890984493540015,0.00154891610088426,0.0333747993920726,0.48401875463528,0.379787562462857,0.0798455398747678,8.0968512748969e-06,0.562933481610866,0.233790695768493,0.000987650870833856
0.000211840857382906,0.286571334376488,0.0110505398260482,0.00696824622673953,0.0821963893841629,0.507534483252635,0.706013349006018,0.745241604646141,0.058565898491822,0.652689917517027,0.942285478650605,0.832838640390715
0.5775833355623,0.796266916609554,0.275998854166688,0.215061113957581,0.662943829445164,0.194791236958682,0.59588335504788,0.668207814749992,0.893611598628264,0.212490818343469,0.665525891571653,0.633285833145312
0,0.0055546484027249,5.09419317840099e-09,3.90354415458205e-13,1.61512665474865e-11,0.827806524105616,0.0328568095145323,4.31496181371125e-06,4.10737145897143e-12,0.885588228763383,0.0208948154203294,2.3168814894392e-06
0.000388602487179868,0.617741326025277,0.0357816215770186,0.0968017372288082,0.0952642028211848,0.797490736774156,0.173537805636316,0.419218342231605,0.0338754076577277,0.545433317390214,0.23159342343874,0.319647341559278
5.35504973697698e-11,0.863432596979333,0.000217305179891047,7.24181209210695e-06,2.31369791459722e-11,0.66485800758747,0.815814493028035,0.00329211281088663,1.77231235278609e-09,0.904747026274394,0.985033843430755,0.011220575411921
3.72563091488587e-11,0.0845551862075439,0.000243213970273937,1.44277380775826e-06,2.55363493058385e-11,0.522712131186176,0.702517293134196,0.899308712685814,4.68343737155321e-10,0.70308216120761,0.487321512853883,0.535628477423727
3.67874719575667e-09,0.321914992028557,1.08827340794537e-06,1.22813850200743e-08,0.113253664311211,0.678630106941472,0.332156619766934,0.395962064681378,0.101550961387961,0.701387698483253,0.422578771448736,0.63301942868309
2.46904201528508e-07,0.702006109861473,0.0147382926755367,0.00842546825108936,0.00794816517132865,0.609866202606588,0.740405999574349,0.532199756777363,0.00197292045657627,0.4987212418149,0.911330608878626,0.656955064330642
5.82451864516997e-11,0.521913215940266,2.93974178635636e-05,2.51174673393528e-06,4.04033942740744e-05,0.55687296293702,0.159512978643242,0.816666054386594,5.01966489319106e-06,0.944789298103825,0.290641824360711,0.697817862283496
1.0547118733939e-14,0.0733257208343528,3.17682435913014e-10,1.05082609280771e-12,5.88543237790747e-08,0.432948306528626,0.144967620385383,7.15795741623328e-08,4.64345272233047e-08,0.429828174895228,0.23156858821902,3.34253809075591e-08
1.31905597555715e-12,0.989679724084172,1.4116142000864e-06,1.08966390899301e-06,0.00425859821154645,0.53911514951559,0.0639206863980032,0.175648517779542,0.0121139643609083,0.840265017391931,0.0489348228210854,0.331952733553085
3.10862446895044e-15,0.0107168638034605,1.36809230610879e-10,8.12572231723152e-13,0.0175679818084312,0.694460152056279,0.000120066874361459,9.96516028284813e-08,0.0176290644353603,0.917537652257829,0.000126081869480488,2.35374036927638e-07
6.99766705691829e-08,0.149111857391418,0.000132314707098957,2.99098510925244e-06,3.04153344674931e-09,0.658510044888238,0.976873674907091,1.86960128852882e-07,1.71961261674625e-07,0.753353306531462,0.450417256554565,1.67793937499994e-06
1.56541446472147e-14,0.46946067734835,1.299682591549e-07,1.15537579503666e-10,6.91824439689782e-10,0.861501616509523,0.257803633603047,3.85613369024584e-07,1.85584835596645e-10,0.696974706128692,0.153370953380779,2.29112991800839e-07
0.0798489550525567,0.467149092660744,0.196446624781997,0.211506208139138,0.758339257838155,0.644930346329739,0.901052153437655,0.794351778754009,0.38933482928133,0.379004671235694,0.205502466387472,0.350933227057758
6.32827124036339e-15,0.164027001353459,3.42596198077416e-08,1.88550730584325e-10,1.46195015253548e-05,0.125277408498326,0.981302735843342,0.00143489284084833,6.35724353159617e-08,0.0717031951242905,0.795871617276425,7.1149380296287e-06
0.0649080133878731,0.0792780958619771,0.0762256903497338,0.0567599864886976,0.0702193490599459,0.352023515448472,0.175403375580885,0.0230841705298734,0.000234604103996672,0.372212335769916,0.153505214067689,0.00307543082065131
0.0483736638196975,0.540394952812606,0.246293241679571,0.181945399081166,0.528499735669162,0.592918670312082,0.726688746256807,0.293874777926606,0.760013330451245,0.751562628529051,0.994017708962412,0.843476243427289
0.00409021105300567,0.615094842202814,0.0219070527801142,0.0107232496380341,6.86657928969976e-05,0.223966881644972,0.95130073076666,0.953741813935413,0.000212377327691304,0.150643864629591,0.392586463380534,0.577259662394564
9.49130555261135e-08,0.335029862985574,0.000519476459843293,1.0729285763067e-05,3.39985449198163e-07,0.464378349463841,0.722753855378982,0.0682248070520689,7.83671006865383e-07,0.607057761483443,0.21162490099022,0.0446627889783182
8.30590206282178e-05,0.616055520550475,0.0051889836669089,0.000188161433353096,0.167656974147098,0.701742266592327,0.37090759283984,0.342541119174661,0.000289671546463977,0.819254924264113,0.353820596627776,0.000844248960467753
0.00233346399707512,0.214318227815278,0.0261486831118559,0.0198686624731119,0.00814072924036322,0.465311371709964,0.0362827226770572,0.0235342666758197,0.0038189639609213,0.348698742905345,0.0695693765167125,0.0353619548331018
3.33066907387547e-16,0.305753540306663,1.25856381982814e-08,1.78023151775619e-11,0.00013011469370236,0.938988860607389,0.251714802249966,0.064346889489714,9.72875028759645e-06,0.983062772569968,0.0334825472208671,0.00430474784172241
5.24630094783651e-05,0.412852582970562,0.037514297906749,0.024802247305544,0.379827286167545,0.870711484953377,0.0953586808664579,0.462971749362722,0.00660613676332655,0.742914762619101,0.172297001741138,0.736298876860516
1.31637564959597e-07,0.272181167732537,0.000925148275527921,7.76504015962409e-05,0.473952269025863,0.142042480830419,0.249653910008869,0.0154517113679287,0.451832863550365,0.199060860259465,0.438261508741188,0.0255226020030886
0,0.921390595385519,1.0065808230264e-06,2.12834899926406e-07,1.1233446853627e-12,0.897779953110118,0.860169897678523,1.09618342910415e-05,6.34326305827185e-14,0.98520048435764,0.536296712670596,3.73714507784229e-07
2.99865466679705e-07,0.0845251949353797,0.000344593883060518,4.25109946188273e-05,0.133452277217181,0.837163161586105,0.122352538692275,0.0371420628534159,0.0897116074389811,0.970618531976323,0.128044307847751,0.0177784350099142
0,0.351958356355461,1.87735094137054e-09,5.33728616858298e-12,3.7537700668123e-14,0.516368492408601,0.495790242368243,0.946237951413183,8.28354080646585e-13,0.359982724624121,0.348879374324366,0.631976970808968
4.49488638571971e-05,0.214864331736342,0.0110819087366949,0.00153912657945277,1.4770730279472e-08,0.398010795797979,0.215612938994577,0.0234450937964271,3.46764931213883e-07,0.374340395193782,0.395885702976324,0.0475724491700291
0,0.556406059495093,6.14901463080741e-10,1.54321000422897e-14,5.43923844133137e-08,0.803028732925065,0.113754709856218,0.000246215567033004,1.84938159562661e-10,0.762543860295566,0.148746328530524,7.44940653574222e-06
0.661418718845449,0.629368040376714,0.604861261870055,0.720541164732037,0.418071444176417,0.618343981693185,0.990594626471574,0.654508054408117,0.116547262636814,0.505581463188607,0.254677622650205,0.349683584333628
0.331418761394526,0.269976988271717,0.603722189481112,0.521672999652568,0.499774775996117,0.352044181313568,0.964040314210439,0.766816949894322,0.372641648101774,0.579409830030732,0.874094465103722,0.613280540054859
7.54951656745106e-15,0.458097366768354,2.51887654245664e-06,3.5829313072e-07,1.8017937761361e-09,0.605268279248863,0.129549761660015,0.0144121357968142,9.18924726850545e-10,0.903971343095845,0.235528631523646,0.0305181516993598
0,0.242842983174905,1.10469422498483e-09,1.61315405478035e-13,4.99639064077158e-10,0.810204181710552,0.0467655254252606,0.000246258944711441,1.06463494649448e-11,0.741005852903393,0.0536182253950441,8.38183999197772e-05
0.00116437834734628,0.365623588098249,0.111135665290448,0.0276123417861085,0.0235775230137889,0.562474768742063,0.753838418417911,0.769112008113246,0.00669287218304315,0.555618918455907,0.797940650435632,0.412254864346502
0.0341604085323376,0.342600055356635,0.378389729458944,0.165749257136947,0.789498850712265,0.803469348047756,0.658882895620403,0.963884244455898,0.859649983372048,0.848232856780051,0.838228957570789,0.512114973172563
0.254871292939286,0.062465539617074,0.183777425616914,0.0522572075612218,0.387576465404237,0.17816804257518,0.866124800106999,0.0900753070978313,0.618289649283116,0.332959089192456,0.570400326290315,0.0496822434523354
1.02140518265514e-14,0.153584805969619,2.1782590131636e-07,8.61793969519908e-11,2.17609703477842e-12,0.423713399660696,0.647525718840391,4.26396282670126e-09,2.06755202389478e-13,0.556787316667334,0.956307260495015,4.82211516585287e-10
1.66578737273992e-05,0.21190789143126,0.000840436193950134,3.27859755278048e-05,0.30432731367793,0.393132680078887,0.861207061279134,0.0343714315973261,0.105323727241755,0.331514999980111,0.979514736762078,0.0218992896951946
3.70634777562273e-05,0.75577100359895,0.0561383045201475,0.0338866226472252,0.180354758403281,0.673896435550292,0.399767333822046,0.375514357346779,0.0389870704391184,0.463558457854095,0.817053883512668,0.644334682043269
4.61444927046806e-07,0.320745217471205,0.00360351422093586,0.00054666561246941,2.03350082738936e-07,0.0665484051869415,0.715717899552176,0.16651919477191,1.4452990529934e-06,0.0512012973583468,0.210299986203013,0.141863275140925
3.10862446895044e-15,0.305069312947573,2.66566573986493e-05,3.91057091930769e-07,1.89441897021535e-09,0.425371928661028,0.670778518214957,0.935204580542364,1.03300707987586e-08,0.854690602582813,0.928256239745517,0.880970436913434
0.0464851959814119,0.93835553639698,0.306979475282948,0.240527765436229,0.592366732184134,0.98811895046899,0.950547134520441,0.723052710057558,0.113771325238835,0.997480496960679,0.948478449620797,0.795758317228313
0,0.0417910031385124,2.28853536565765e-07,2.00687910734132e-10,6.68053282554164e-06,0.782544735067322,0.655508704713676,0.594783107895538,1.49735510734939e-06,0.810240723933234,0.963555914616047,0.794387740886084
2.26592102858802e-08,0.397255795465519,0.000820969883991829,0.000703408770332592,0.0395662847997587,0.377467765534038,0.437158649825896,0.0798770587736598,0.0116917600358166,0.714496329006285,0.454289711357261,0.0778138362449003
0.00598364370180005,0.0768091501557787,0.117875298047014,0.109414637647835,0.645322034975264,0.415526465969066,0.210640666091004,0.209674946953346,0.0153370321240076,0.131005045530529,0.421156412138561,0.262856703363182
3.1703412339823e-08,0.212955760808093,4.01019998841345e-06,1.48529898380545e-08,8.20195745609834e-09,0.249427308036961,0.083759433998626,5.02185004791971e-08,5.31409105020212e-09,0.241050929533594,0.112664839134563,1.22202215235845e-07
0.0867783160672028,0.506684544531819,0.0234853675052799,0.0419171493882484,0.365536534785072,0.0728506931390643,0.116678060768584,0.169713998170923,0.107906370852048,0.236243620748924,0.0826363019340126,0.105863889910037
0,0.454553674518218,4.75367735175425e-08,1.53773660471757e-11,3.2697739729225e-10,0.455792228702739,0.847147201162528,0.0084713807472876,2.47036459295084e-12,0.307376311316999,0.706667237617477,0.00117641825456571
0.000689898605188199,0.467636577694417,0.0616591912292548,0.0567635133596921,0.867592724687296,0.659272549903087,0.861263104550394,0.917546068984307,0.538002239678377,0.834616489878979,0.945402912507921,0.881510486696521
0.0299779327488531,0.321096120429297,0.0812831993205768,0.0296663386060615,0.562676296361739,0.369023682159449,0.915442183689187,0.760034456670638,0.798504784212449,0.670382332327288,0.824155495591511,0.644442578502302
0.184750210038436,0.786964999944009,0.270838111040132,0.378762763882176,0.120558448541057,0.165445047222967,0.38250935216167,0.0424812807350959,0.176985321670688,0.271124819167215,0.394073388958733,0.074765370254089
0.00922198402142704,0.83405272421953,0.265557958558407,0.345231394039637,0.107547614587198,0.9528341014177,0.753224567761281,0.303496850688181,0.0688633302666025,0.895132596997879,0.275760629687286,0.239016559907815
0.0810979226643634,0.718065078614299,0.340730955231007,0.389341014780105,0.550363361452988,0.740975184135809,0.625039238894095,0.604018556771008,0.0764568779060426,0.821423826986694,0.699311905090577,0.703759116452518
1.17820890777054e-06,0.412473325777274,0.0153787284332365,0.00194827340339654,0.445713938156265,0.859221938117077,0.89817829852907,0.64002596803153,2.71453247768783e-06,0.574626948574351,0.765380642515055,0.00409232020869177
0,0.295208900832512,5.12584424905427e-07,1.10046982637613e-09,1.50309542482384e-08,0.684169941384462,0.547851271895419,0.299323679439101,1.97897923621566e-10,0.778264724898613,0.557512984800259,0.223379101575994
0.000236893182475106,0.658917381524621,0.0170073341193215,0.0346159405742512,0.468699393237528,0.334681295387825,0.596713469483521,0.562928811914783,1.78488868513016e-05,0.151802665388435,0.0873970303211213,7.61157748926378e-05
1.604780023301e-05,0.292647667581577,0.00962442897353022,0.000969115135856957,8.57525452518639e-05,0.0990530229718646,0.461876908729824,0.0308688727256847,5.81740950007514e-05,0.188929444886004,0.291226715150798,0.0226199402561569
0.00965921827208804,0.640946567516725,0.2281676034093,0.175783546615199,0.187995478185779,0.877681716146991,0.860311625602387,0.739089604679107,0.000566226239398393,0.722818858391694,0.82506083237358,0.265376926304391
7.14970416940686e-05,0.338620938724881,0.0193940885298479,0.0245932831047428,0.0382284518874134,0.0434040307986258,0.433767666179099,0.201774848671735,1.74586306185276e-05,0.0316084560446441,0.47414066631151,0.000291323291898959
2.60735877333218e-12,0.543023201395154,5.00732411423677e-07,1.2453263975587e-09,0.000404302576234727,0.480512646182691,0.192282433390177,0.912599156130976,0.000242816880537733,0.32647036565981,0.427834184984705,0.363044534523155
0.0252890250663973,0.783263889906336,0.290443973541177,0.229004011318295,0.780987233263826,0.725112162359948,0.269872097351041,0.431591995627941,0.343718723686458,0.844248451970916,0.801571303003608,0.701432685451333
0,0.300966073692303,1.78060899358456e-11,1.33226762955019e-15,9.12171290821237e-13,0.15926437609956,0.00030310565647889,8.1636657207668e-12,2.16851824919133e-12,0.177789436562577,0.000200838760021194,1.81079843963621e-11
0,0.612506545822051,7.72470990506591e-08,4.47966219674356e-10,4.72680074191798e-10,0.133020794505939,0.0972711268425032,0.00640059085253751,1.04592777334268e-11,0.2084547009317,0.0317140128713471,0.00118938895138276
0,0.127891397757817,4.43438619157632e-11,1.17683640610267e-14,4.85285677687785e-08,0.114454305462004,0.197623001395755,0.00476322762427778,1.04817539913982e-14,0.153593618975953,0.292163627149979,1.28779472485796e-06
0.00316171676988819,0.616722569881427,0.0138752434893841,0.0138678603375982,0.189301816725125,0.468853709663404,0.858211240954098,0.784405980148424,0.020875419573846,0.679381399898018,0.436768576245929,0.292939642495378
0.000289440963981313,0.767540818114759,0.0197307970283201,0.0392720944097504,0.501114233476543,0.501988787289802,0.460451753127359,0.372726491614346,0.532231755226271,0.792977138856055,0.764815070029121,0.666405522658399
0.0356262544619572,0.587952386850523,0.0257461503400742,0.209898796734636,0.150051822182357,0.0667347971733459,0.00507705474094187,0.0050846275241593,0.011065688695139,0.0300498103258386,0.00860451207718416,0.00392326096106199
0.000564119300491051,0.347467722833769,0.0280918305892874,0.0231403817677834,0.95912483240179,0.97620631197719,0.423051070968142,0.693368496358738,0.000828412651504573,0.924760389187657,0.548541076596873,0.0026820576604788
0.0122445646291531,0.732957656282524,0.0388298328993439,0.137857129119947,0.0295697306893595,0.409275756694848,0.0311042141492315,0.0099526274003024,0.000174682584778596,0.245371068124249,0.0467830492043175,0.00130240493108957
4.44089209850063e-16,0.348635055501994,2.39800653556443e-07,3.5789757824034e-09,1.37073480222452e-11,0.281482111824563,0.949627196739639,0.00227463793024339,2.56111059854446e-11,0.411882146590412,0.872861823108582,0.00112850539259202
1.55431223447522e-15,0.207011727124867,1.16992316501197e-07,7.51465556447783e-12,2.20827090050162e-15,0.77790342625806,0.305771141438135,3.35783842751827e-11,4.82136579880387e-13,0.324832753873964,0.20531804761099,3.23131903174442e-10
7.02416347309054e-10,0.429870904886486,0.000194158482398232,0.000160209017273538,2.4118832484539e-08,0.280596467602489,0.879957706040835,0.611653008915936,7.80531917987659e-08,0.737883633599468,0.928072537519214,0.770136363797559
8.61143708119627e-07,0.49550422428055,0.000869032744049703,9.38871056633817e-05,0.442526670044134,0.113417332295559,0.154854188768781,0.276596003094157,0.151209213098944,0.127941816994769,0.0717070570957051,0.12142062923687
0.106143889614074,0.974681205674748,0.0688527376328244,0.0441710232489927,0.596786350271282,0.758026583948644,0.831724748142586,0.426569060925987,0.382155565644561,0.613999208212656,0.571022425426357,0.384020561437456
0,0.714525533975042,3.37291639063153e-10,1.65600866353088e-12,5.66878555458976e-11,0.445996438491495,0.608641566233014,6.56063661834924e-08,3.50533928520916e-11,0.399957091558672,0.939479729101907,9.82432815099799e-08
1.32788376849824e-07,0.869871707506586,0.00058950236851385,8.7358794920056e-05,0.696633771541575,0.337793163909023,0.633259781843005,0.527787816750361,9.26040219839663e-07,0.220329662417669,0.0567605016909135,0.000243839430460802
3.59934304583476e-12,0.934514399406688,0.00022721804995729,0.000457698091087311,4.7838189712355e-07,0.152966643973108,0.798418263012543,0.560121950873847,1.11782756817558e-06,0.382543498263907,0.987228740400948,0.892050378749659
7.60502771868232e-14,0.119316979171779,1.48980915334329e-05,1.43617661962914e-06,0.000219046646322802,0.359080157794631,0.281038456571457,0.193424301309556,0.00026136270982291,0.250917296437491,0.390285508272815,0.198184020019963
2.2047741410347e-10,0.144896411606493,0.00034390890696756,3.00010597427125e-05,0.00015719491437047,0.347489936721023,0.445031427770935,0.0860495606257214,8.64719831072946e-06,0.126398654219074,0.646255768103256,0.0651027218923658
8.73856542682461e-13,0.133443009567768,9.44853675688417e-06,5.52637402839729e-07,8.00027611116509e-08,0.134461861930918,0.975845215375663,0.000752849328626471,4.09092515418763e-09,0.162076742231193,0.944898828463476,0.000249260645205585
1.46614854932281e-05,0.445085631747293,0.000926401061020488,0.00169978387463143,0.565724328140341,0.982151687122834,0.0137193538987781,0.00520715861788887,0.208131120677562,0.870577169742515,0.0118501303379263,0.00379599014541232
3.02879610281082e-10,0.0433652542175228,1.5193911308331e-05,1.71667277315546e-06,2.47131362068975e-05,0.586005530773841,0.14052376297088,0.497085691060342,5.94729550162931e-07,0.804944038140718,0.143589486268155,0.718834856890984
0.634767257189626,0.650184170912475,0.928553330964065,0.868048670588807,0.971270984019214,0.311443481115838,0.415544620356161,0.0980470390694217,0.962170303050275,0.195065919544443,0.632863004037254,0.198768264211069
7.95857069135764e-09,0.957784426200753,0.000754949223088497,0.00214987658536647,0.0067587784053767,0.63249379848899,0.384436518715686,0.849374418836724,0.00159209144393424,0.749413096465681,0.754806788629243,0.925586979992334
0.57072139296213,0.467597503047053,0.417241262172033,0.591629529274531,0.565220767412539,0.939069928077991,0.545005094123819,0.223552238488939,0.780765255455557,0.867309900935072,0.383734318892604,0.294995658530119
2.68984834406183e-12,0.00274577316902347,1.18580374097732e-06,1.32657501650257e-08,0.00165298835235241,0.138240145319277,0.396591060776793,0.10066378344159,5.08662114373504e-06,0.0693663434025159,0.0919375816083002,0.00457053299484556
1.56069601686681e-11,0.846948429693986,3.62570544653051e-05,1.80712529107563e-06,3.71815968138727e-05,0.428856863773212,0.373972853464641,0.853000176896441,2.58754875903655e-06,0.859280229615206,0.544283624556056,0.288798563450288
0.0208615856624187,0.650143949113425,0.196512549268409,0.142558650462599,0.0508300015681911,0.954752798826025,0.856740047784052,0.352285992433337,0.0304650384590848,0.970007342978256,0.903229496118309,0.372080515924179
1.05630260717193e-05,0.585923160499625,0.00848101363591891,0.000713758218328642,3.06605210656034e-09,0.5882618564703,0.571181007048372,0.0182156999618772,1.55951889846406e-07,0.935295834158971,0.692345076378185,0.028239781658993
5.60662627435704e-14,0.364363418463594,8.25999020848123e-07,3.4147086269698e-08,2.42848243459271e-06,0.326819946563284,0.132728889223149,0.0338049765569337,2.94206732087687e-07,0.57435143607401,0.207276207913258,0.0303418332035847
1.96015459419385e-09,0.756977033742366,5.57131842757741e-05,5.7670221339623e-05,0.000199615176931874,0.999992831165339,0.671356937996345,0.742245165638274,7.58592040985828e-05,0.941561801557143,0.154444844383075,0.781844548288658
0.213323619583143,0.93839715537773,0.288612893153713,0.565334864050335,0.255482974906576,0.607214946801679,0.622595709547783,0.3460050352045,0.422450409773037,0.905682012385674,0.463516397948469,0.394606427434478
0.235200357098522,0.051766409364192,0.111067485323714,0.0472084735518264,0.353728728682009,0.363463242933618,0.275733440783479,0.189866625655935,0.00655455277953676,0.480641704428752,0.234921242876285,0.273573465412175
4.3483480863804e-06,0.0186438958064468,0.0231369944026193,0.0143293491100458,0.637149562683743,0.171246795877717,0.780551783971953,0.240133458772068,3.29484056880158e-05,0.19578859182345,0.290820412295808,0.000218201645772131
0.00834345955028537,0.280583089054172,0.175586074011339,0.169534869724205,0.68171324906262,0.241541397904472,0.731472109581096,0.715954123603667,0.115351414711865,0.670653560379943,0.672958394231446,0.607101703707272
0.229558670294677,0.857539784398768,0.115436190845978,0.164299104702552,0.787063537340711,0.266117037966772,0.310484197996393,0.314037992847182,0.395807834769569,0.375823821742151,0.13570694376539,0.13498570665392
2.60380605965338e-12,0.241476886968337,7.20973998435959e-06,5.10734901038035e-08,7.01855304305186e-09,0.963611282777844,0.0767279476932994,0.0329681766012252,2.67831340153647e-09,0.644119795835548,0.0880905422703245,0.0678516057429289
4.18995904638564e-09,0.00317256324597437,1.07368201762714e-06,4.4993433423457e-09,4.78013721372956e-08,0.735835168686089,0.014843201704898,8.60325228578587e-07,3.93247906460559e-07,0.918876994545276,0.00841485704052625,4.0084735848378e-06
0,0.408999428811658,5.62835157369435e-08,1.81408998933819e-10,4.34714844434096e-12,0.173250975933838,0.994937032733648,6.09281354266342e-05,8.16628464821099e-13,0.0576373894348783,0.492577374913348,1.27813181935998e-05
5.12883077119497e-08,0.749500614831058,0.00110892396564011,0.000905614752815143,7.81586218071661e-07,0.65913309821086,0.0391365464902433,0.00659929193131627,7.77668757612204e-07,0.926673739027547,0.109036645552598,0.0171086830641015
3.36648819931895e-10,0.560604298680118,5.39318830511393e-05,2.15874288489459e-06,5.3498886055644e-07,0.420599025564569,0.198581134809967,0.0339142646991311,3.7893562288005e-08,0.705138362363872,0.100069658403688,0.00918860453608683
8.47645456358848e-06,0.400172741634733,0.00527987825026,0.0014359161135965,0.0734029850563246,0.797073830971628,0.685451809404092,0.0778136873310014,1.75469556218388e-07,0.422914199108785,0.192470414427088,0.000720405684103254
1.81768826545969e-07,0.424905473849291,0.000563216738916572,7.47610068030369e-06,4.74645211586244e-07,0.58099066825409,0.475370948114732,1.87726835285128e-06,2.52195521577292e-07,0.507572034733885,0.448087415384004,5.83322383396201e-07
3.21596815289205e-07,0.194468228366975,0.00187834391683528,0.00283682344556024,0.00054399768881157,0.366045452175586,0.0915874863051804,0.194753977287003,6.16714596757273e-05,0.54304928465718,0.147477317745308,0.204327018169558
0.0258134672049225,0.689903564675859,0.164240869979663,0.317418382857468,0.0655376223756714,0.729237018060495,0.593325621502437,0.604559308298128,0.0553748979946538,0.690844151194972,0.513240002898353,0.726772156321514
0.000519902825191099,0.541950914845001,0.00452670815010736,0.00170087443269351,0.178959126857305,0.222705188846157,0.525676576734311,0.644234211274003,0.147208946424386,0.23024752870936,0.516075310672362,0.511558747795575
0.00885983570677784,0.550109628257281,0.0211960851650721,0.00759276072732018,0.640305190201032,0.439406593844687,0.978188343311883,0.476478681707721,0.849689424723919,0.80546153164582,0.941738896978806,0.432349424686635
2.75689471251894e-11,0.790972158948821,7.06268530181742e-06,5.20116110813706e-06,1.00243128036154e-08,0.704388632671941,0.291836115793357,0.000203486014802673,3.02088896120267e-08,0.988493439553041,0.150537054632036,0.00016769243193071
0.325142811348789,0.953069536216784,0.601246823482925,0.772644730281215,0.425111121476442,0.428675009542978,0.77532052542428,0.470889008690501,0.24931944764552,0.783647451148073,0.876670577699795,0.678533752658122
0.00515673303109865,0.290100206540229,0.209226655641473,0.173625564978175,0.419270720458207,0.547943495852446,0.529116576003152,0.58552175134055,0.00198426873430002,0.318006249585938,0.851429508285357,0.445479903832522
0.00116490411209502,0.959951668111357,0.12555045125323,0.108033682294266,0.0637641207205465,0.735034359400467,0.808180125717274,0.630198120186315,0.0179541044263468,0.922009074268515,0.639308767634275,0.536955668469515
2.40580871025964e-05,0.946260379975936,0.0213017268235302,0.0041920819277671,1.06812817764666e-07,0.363482792463829,0.499041575169495,0.00746897539129791,3.63408899195505e-07,0.738522620611532,0.559450916770054,0.0197224899678669
1.65900626569737e-12,0.882936505620583,2.05075054109383e-05,7.98303603444239e-07,1.20009692964234e-10,0.241832216412517,0.824356054804226,8.4107482067001e-05,2.85724011526753e-11,0.416222317802253,0.915988535806645,7.06396838715539e-05
1.42735884889333e-07,0.573821388501974,0.000103322410991868,3.33149550285627e-05,8.41812495334319e-06,0.165268885498925,0.106870129401414,0.621602528640604,5.27974542396947e-06,0.211790798795439,0.0552968594540389,0.348362792439492
4.10782519111308e-15,0.370949850475913,4.50678518582048e-06,2.08926653544328e-06,2.5373424964126e-09,0.0695093216601774,0.0198600433545149,0.00199182744142782,2.86188509754558e-09,0.0545210396305336,0.0341783836465273,0.00463459340211603
7.5837824908831e-10,0.457062887784413,0.000632533054941264,0.000201843134857049,1.66226665085478e-05,0.859204108130668,0.993296733619704,0.838427239443431,2.12570712698756e-07,0.351488907417562,0.304055593212207,0.557066317868905
0.00531968203034905,0.660496320286923,0.0554034050363295,0.0591046403677535,0.106081086159091,0.494488387026337,0.842577222499343,0.268191855831844,0.0188488654367688,0.156407894870125,0.896373987012603,0.436546068849918
5.97874835195356e-08,0.806140760233136,0.00206145455418938,0.000950570521457639,0.00369952815864293,0.759974810639254,0.460254172107903,0.461846270303009,0.0017567645338552,0.888282314872298,0.70025544764645,0.65593802458654
0.00229045593824206,0.106619128120243,0.0101616865501782,0.00756852300506261,0.646698052867551,0.0486342002680411,0.107374597800517,0.921398207675255,0.00836302194433725,0.0575031167289661,0.06223300493809,0.0237658763465234
0.234953892332867,0.381467674312913,0.676584314087714,0.52587793746686,0.49498008989663,0.444341799580799,0.685887952189309,0.178762835964871,0.60109319684593,0.38429497762088,0.913142183327273,0.266764604749781
7.71110625996663e-06,0.631638851009839,0.00192821950275246,0.0257710287228661,0.421932457620591,0.52169663222217,0.0196113610724216,0.0748354875594173,0.0248727791844494,0.800731549161065,0.0917423858652238,0.391993569897753
0.0158455623028206,0.489345215044906,0.0304562878781918,0.0806150971137788,0.0764243760262715,0.423863830188791,0.0523636943389553,0.161364157905109,0.0625164239350138,0.714850370816445,0.107278878369357,0.271503475949942
0,0.200658786894106,3.74145159298678e-14,0,2.71573619698005e-12,0.0162263848577006,0.000944896019836469,1.09520428463872e-10,1.83611823613138e-12,0.0127391533693719,0.000563394522160476,3.54389480789249e-11
0,0.0340439088530069,1.63076108172788e-10,2.46469511466785e-14,8.19062594676894e-11,0.00340585646695242,0.0859461609614506,4.18324720037705e-08,1.35733879795271e-11,0.00967384254999493,0.0387688491619451,7.62412366867232e-10
0.012945725210765,0.228068950700749,0.125180189066906,0.0582609090630037,0.643897976763706,0.905003948585133,0.667569094906268,0.272911033661959,0.709699905169273,0.989174438347143,0.860849433756139,0.315904773106318
0.00245393119892323,0.99590493655869,0.0201912712190851,0.0657923585576439,0.613480303530509,0.73655066369056,0.0519296592663827,0.0101917262780077,0.347176816892755,0.957932276166057,0.0811268987312869,0.0161225605589177
0.0148965545501467,0.413023222623236,0.00762750966907055,0.00588172434501089,0.953081613912604,0.9324890304513,0.592819054545633,0.361948798429285,0.138954633618671,0.58090090079311,0.418022274737295,0.301685358421362
0.000772088466515553,0.527700613891523,0.107549703196818,0.118698067784341,0.0414970176818474,0.695331398381916,0.435052967378786,0.0650743985877762,8.04280281374581e-06,0.939058570191873,0.639875919487814,0.0353137277235014
3.33066907387547e-16,0.284526843502119,2.35953244942522e-07,3.92219904332691e-08,7.08159680199043e-11,0.182139747018996,0.735139968036685,0.266827671950877,5.52728502468653e-11,0.0981249080421562,0.420842033872686,0.344948662420689
0.00402838887204182,0.732748236210816,0.0457351235647346,0.151761096386088,0.394348691072469,0.143312760898051,0.54174138472543,0.295882826614695,0.0372170791578348,0.360460538165632,0.78539433174013,0.369153989663102
0.000663436500307868,0.92724130713011,0.0332777300234058,0.0380431410477171,2.27553002979496e-06,0.684546894015537,0.351146152107643,0.115205938178756,1.84167607526486e-05,0.322143098654333,0.420434710729072,0.12203988242068
3.14448467264583e-12,0.177112760806828,1.16143449435668e-06,9.28730768401387e-07,6.78350377516192e-09,0.0394450882032432,0.0248655401139912,0.00254773754578926,1.36739901734906e-07,0.0529990193811807,0.0373116334785151,0.00461278720427249
0.0780966168383752,0.288729095387347,0.222931187909068,0.137445753465967,0.381258923066296,0.881213874701702,0.313296828238762,0.488289606718442,0.199877502212097,0.872404979888448,0.262308076223011,0.345333365953993
1.49635859258979e-12,0.631591846777024,3.76768057367416e-05,3.24909420555963e-05,1.40125141272105e-08,0.75926253608027,0.937519229806983,0.807974110638851,1.16313126574674e-07,0.797139288749881,0.880265187612263,0.701427645319334
0.549486550269633,0.675045398025803,0.567478650743167,0.659998620892814,0.520928600677001,0.196435593703889,0.909686177558417,0.489234961761202,0.383918014363415,0.329194683714973,0.976682467237169,0.453927240672951
1.99233274322808e-09,0.351824395626422,0.000266896422158269,7.23044623618385e-07,8.78713982752473e-10,0.262569080165057,0.81510520913626,1.08607400645967e-08,1.10776763896947e-08,0.511741759430564,0.701319378619645,4.44809898358933e-07
0.0605276521374544,0.580777572103369,0.240558526391298,0.238593578961456,0.666458463410583,0.55837470936682,0.452996439168151,0.456571998480239,0.610918225693815,0.474089421771005,0.654974460537035,0.686841054940982
3.58602036953926e-14,0.746023858113919,1.05905372305148e-06,5.58710855358413e-11,7.17345873070613e-16,0.670221139587348,0.575365388160405,0.00382950975800415,1.78725924859717e-13,0.525658884892085,0.555017434297847,0.00269555147636114
0.00491191607932728,0.348073530130184,0.0924428302279707,0.120074741913486,0.770039892811498,0.258164607724537,0.471389396310249,0.0933612534530527,0.869234816354086,0.143940543232194,0.520532760321324,0.0930631633659409
0.0712365313145801,0.928128117676943,0.224707553075959,0.431871335412003,0.0494559843656563,0.596578814039857,0.415919468218528,0.165989829162292,0.0306182326213945,0.72756755453862,0.36586257006188,0.212148579114716
0,0.140740848552103,3.72923890767929e-07,2.18207116042812e-07,5.17978042437563e-11,0.859719212421912,0.548019393228742,0.0711042135559277,1.75665530038995e-11,0.2306824118259,0.524730137970855,0.0160393427959854
0.00217795744522642,0.485175182340898,0.0269512227651254,0.136582031328112,0.00488014662648958,0.845027862442917,0.0309997992541221,0.0451741544738827,0.0038789788690079,0.296818656553325,0.0326192562751754,0.051526652726422
0.0016925164749908,0.0780329097396145,0.00387597400260054,0.00121564565207388,0.261789265713381,0.790054268235666,0.734567523507798,0.0326258774478117,0.060851518065502,0.982615556182647,0.702021162056306,0.0260650204685916
6.44965094178662e-05,0.0477581036953737,0.0459660844848973,0.00648844003659577,0.0204614153104005,0.164872773689146,0.396322452622582,0.298366685717979,0.0443347426643166,0.20496226193748,0.748111700323838,0.562829962733967
0.155539357005813,0.186514582758193,0.484349718774659,0.329450591563951,0.949808962820107,0.276085867157103,0.412763049309501,0.164779911703529,0.502592983402047,0.349359734807883,0.868303526131647,0.337704886561321
0.290110632928387,0.364113883588786,0.34423682168497,0.582508634206147,0.61296966068274,0.196014005641169,0.475857961787102,0.419995158034036,0.46613435637249,0.302458999386351,0.148515313770282,0.125839011291367
1.18409768767869e-07,0.182680436934892,0.000363394221494895,1.38907880229411e-05,3.65086444840224e-08,0.125232740001757,0.225529433128153,0.00660635132456259,3.45671191670505e-07,0.21455355973608,0.232211786831195,0.00871358757341312
0.106559745453434,0.622414728246592,0.202166070687171,0.133093405792704,0.109630170231558,0.970597656802267,0.770170397107051,0.0517859835554821,0.00494482924670558,0.838739911023983,0.948299159500771,0.00840235312464066
4.50528503392889e-13,0.150150328189206,8.43448757259502e-06,6.55441911856514e-09,4.6588745052642e-08,0.104186725935241,0.231587731259981,0.00683717795534533,8.66405354127409e-08,0.112626826787796,0.252256853298579,0.0032815793261689
0.016317526492843,0.451276488510146,0.0572979110794013,0.0920196989646385,0.00323390358558085,0.954481950498411,0.686900123033313,0.329767162122327,0.00434789449422945,0.430147420306884,0.172555559058351,0.102942673711124
0.0111597628298101,0.123412594171116,0.0494923853806111,0.0826093908121227,0.106212095593142,0.709237227949905,0.0759342912553645,0.0349226639506237,0.0605371180436014,0.548725665613909,0.0440172224225872,0.0118675041330094
1.33226762955019e-15,0.0528733500053749,2.02656114112187e-09,2.83149059754351e-11,8.73123095237859e-15,0.16694995802943,0.00321295525942154,3.18618239987551e-07,1.07711067569626e-12,0.0821002804411891,0.00455332156114141,1.92568709578289e-06
5.92126347953581e-12,0.134854903278793,5.10155788724376e-06,2.70439418637025e-08,1.04679048901451e-14,0.599072635228292,0.376717939828874,0.00994346875675117,5.48701692920962e-12,0.426334839456982,0.541068544691851,0.00815284564385366
0.000767484430802212,0.133544675144668,0.0417093071799519,0.00981258607736002,0.858327072140481,0.647089250854219,0.404016144183402,0.321580455065617,0.805026581346962,0.887891965261879,0.432956542768019,0.320347436383011
0,0.396854409170176,9.34871974278551e-08,2.27886709502911e-10,1.60237985191994e-08,0.368020735536645,0.882975067252117,0.977310015057626,2.03830859034269e-11,0.325768413578834,0.341191178179535,0.221438588257808
2.62137182299726e-05,0.863752581293535,0.00597731532192725,0.0118727717327085,0.0038149438482775,0.955355414067565,0.675004771407162,0.0588538184424006,0.00259085197336106,0.927213362108597,0.536454527476284,0.0460648894069875
0,0.33701091977246,3.85750495990322e-08,8.20471579565663e-10,3.16533903113162e-11,0.21382144648611,0.0568106378990333,0.622000689205249,1.31181504333986e-11,0.0332526629318731,0.282018979962291,0.928668041825591
6.7178818063951e-11,0.240446685878743,3.06315823295211e-06,2.3323198483638e-08,0.000790955345268967,0.846117707814156,0.10588143213652,0.00128167458566094,2.76032423851547e-05,0.952537447199872,0.0376130291939408,5.72297964110957e-05
0.533518095366882,0.885232819101613,0.327610449173882,0.419720907115548,0.832084090388455,0.840324675164121,0.179332433922581,0.128415781309548,0.713559341078663,0.963104377077436,0.308939565811241,0.205721989156679
0.325653532487853,0.440843331060883,0.414701169062123,0.430132490014802,0.825610537967932,0.108617847393478,0.164327109367355,0.195479076199852,0.0650836236899009,0.205344304324032,0.241877265333369,0.17733902245491
0.301174426286692,0.498682096426973,0.520228714675232,0.411388125835644,0.472451406572385,0.231335595423903,0.918521910916802,0.317460190747884,0.287282816832624,0.35958730105728,0.50185623526427,0.414527390347666
8.68901905981545e-09,0.597366081457508,3.81372615309017e-05,1.58865138133457e-06,2.17661909702688e-05,0.833245356647384,0.677373088298001,0.302270963945452,4.98743722041617e-05,0.87982925685536,0.713437441308425,0.200373235499555
0.0413901742897346,0.891843853618882,0.267071613276477,0.325147685261261,0.400126339112633,0.885335967039871,0.707990247697822,0.37468045146752,0.559626110505592,0.916907738071255,0.771269733054726,0.85875313989095
0.073410294458455,0.109974203770067,0.303772513695617,0.267553922933826,0.0318727180400725,0.919907575413246,0.936068803257084,0.620096142009834,0.0393699147672685,0.742158828084747,0.867731260042237,0.700001045653825
0.160497539155898,0.855609370385072,0.126522811114092,0.197136154485493,0.850899328393621,0.860945508462118,0.512676318471567,0.622943039722388,0.523090477279268,0.762310232828455,0.718570038745714,0.888502698867277
6.52140119683509e-10,0.452630917404421,2.89058445979151e-06,9.40830185980346e-08,5.07769924958518e-10,0.823472159630921,0.0013297911407823,7.07136970683491e-07,1.24914116630955e-09,0.385638840491927,0.00162704935178581,1.57965427649565e-06
3.36719541138564e-12,0.717260617634691,2.75942330217882e-05,1.02440309290852e-06,9.98931832147439e-07,0.574778268032471,0.558902817252275,0.000165083239534942,1.30170103029847e-07,0.304940224892092,0.470676502975037,0.00025521724774169
0,0.00713347634586414,8.74074856938023e-09,4.03677091753707e-13,6.00170855554675e-05,0.276570094309869,0.72884547084022,0.184768213239653,5.29073182375939e-05,0.520354941336817,0.839793849499382,0.0981020472007116
1.11022302462516e-16,0.488742134982076,5.95063176511701e-08,5.01315766676669e-10,1.01215897442845e-10,0.115642413910648,0.570523670748507,0.53860414717311,3.77664144378883e-11,0.229234870146557,0.63792990884647,0.11501078327304
0.000760408776398824,0.948567204081363,0.0888550534719024,0.0544785838636425,0.270260690850484,0.357593222033491,0.329586771718848,0.144534436208437,0.154751242163764,0.390378325885586,0.698588531896032,0.424625476252363
0.371938223838483,0.821731298196374,0.0663868351447933,0.115947215900784,0.525717613941556,0.517905091395607,0.136714815272361,0.0799051106757667,0.476691738680219,0.311856883966889,0.18865568154412,0.0681163401793347
0.350658989642969,0.658722001971595,0.664576838538467,0.452700030610258,0.321177658839053,0.379671698308468,0.743299987468316,0.825703817601063,0.244602449957213,0.105141542690839,0.906561259759276,0.922912928919527
0.00401666180318372,0.347204663923544,0.0431177801839924,0.0466636401379709,0.0608895095774156,0.77613020133902,0.703111643556394,0.67783994462509,0.00563735017154054,0.831966638649294,0.899673819076617,0.784096035262461
0,0.30522211685534,1.2578826869003e-13,0,5.60735352895879e-12,0.969423963699197,0.12490788632449,2.13770090600833e-10,1.35257306441381e-14,0.446268299487728,0.0847655700056329,3.48403940572494e-13
3.96220833920324e-11,0.25377293749314,0.000142474554310268,6.30430689652073e-07,1.81709785039435e-09,0.4812922019519,0.128759341757354,0.000530664368613994,3.26166416988143e-09,0.362644252087176,0.161324614810371,0.000601782007685681
5.77525005596158e-09,0.898029259646745,6.31995616010572e-05,6.4275508928735e-05,0.0105751329119173,0.914363617170996,0.0127213079316865,0.00502571046730391,7.54755480780744e-07,0.986630310564989,0.0157395642285905,0.000209323651329529
3.23910898103463e-11,0.843864196297794,0.000487496254218067,5.27560100209712e-05,1.47219958074948e-06,0.797074698562197,0.433588303215494,0.311696963195465,1.16508769520962e-07,0.915140746578025,0.189473392648431,0.133529168577094
0,0.555594762642627,1.00976573036426e-06,7.67890817598982e-09,2.11530555107402e-10,0.478646869865153,0.453934518619204,0.0584395684727533,8.30359585803314e-13,0.185617350439016,0.531591274674781,0.0840750625773037
9.72111280361787e-13,0.304291952254626,6.07577270786974e-05,1.96205322078313e-06,4.23423843014776e-06,0.814692871758662,0.851318438525985,0.507309964075711,4.80645329870022e-07,0.915351428382479,0.98682584883653,0.433552734019195
0.187472802113658,0.464531355975871,0.0572015259949645,0.158412218525853,0.60203946270094,0.10584282159447,0.10120746545966,0.118411657796668,0.574583847367542,0.157593234819758,0.0757684106554602,0.0981782590623963
0.151228780538004,0.0307216466230263,0.221055385130694,0.0432409432834847,0.125398948841375,0.0210970703557066,0.978743403135081,0.857650910678697,0.102933958360112,0.0145785943435484,0.41305179140342,0.561475776026883
0.250549110312218,0.617541095949783,0.522758298168494,0.315425733435821,0.416223127868936,0.476990361809872,0.909365073898904,0.694743818410357,0.188529134885284,0.508308012204682,0.69852763791051,0.631344891708429
0.000460411291525187,0.789600208380339,0.00551037267667054,0.00937933150887971,0.00797088723024802,0.744694713783272,0.257205694600692,0.18416531997445,0.000626787977799026,0.701612249223708,0.171102664614292,0.479738926129273
0.0003581008514012,0.429069295839352,0.0148295842758671,0.0182788225376509,0.120249326766279,0.0416932966370228,0.78457098435349,0.189677066325925,0.26633496142493,0.105983378450206,0.576492066853974,0.370967141218503
0.034439944845608,0.276390747790847,0.0801742419352489,0.237183337624503,0.109761528448944,0.949480007280915,0.343941732603808,0.619976786648081,0.0678639462721625,0.983994164888198,0.10119311957254,0.201071833176885
9.74818636922947e-09,0.323218935367868,6.77185345632214e-06,5.32474356051971e-07,1.44811030431471e-06,0.285906483430442,0.284084823578005,0.00570451903159503,3.62366602724151e-06,0.0981673032668851,0.0198171657713992,0.00162508295734931
1.65142784069872e-06,0.0419858903228099,0.000938230366392512,0.000101182945413836,0.483553540369522,0.510534443961574,0.357095245468509,0.324648327406383,2.44220817657848e-06,0.724084769602388,0.0776616538466198,1.01245878331158e-05
2.64452792997361e-10,0.283451617408297,0.000516645744521371,9.48843087446027e-05,0.000870319101626444,0.571717474537251,0.188197310776225,0.0195560493217696,0.000704635545204724,0.557871693128745,0.0825195475361445,0.00623502440688162
1.62092561595273e-14,0.310090609267644,1.32427340759911e-07,4.52963921926397e-09,6.05039174098185e-06,0.340792499944131,0.452396712413386,0.00378052827714579,5.90530272480138e-10,0.439260080003098,0.464225264042328,0.00257851366906836
0.000998191552269545,0.768465251712784,0.0538047626646087,0.163799124371183,0.150259768695436,0.610072515039621,0.846535019118461,0.565466352757224,0.000518067860018956,0.873895560304884,0.778791648093602,0.0567470323575336
0.00367935113557305,0.319773531829344,0.0301192042462181,0.0307028417306434,0.309539635927571,0.572442147216935,0.978317979307649,0.924544393641639,0.0171690382378589,0.772097070812394,0.320973917447697,0.890581053173865
0,0.633471682797034,4.87150653150081e-10,2.35589325825458e-13,1.20186902663628e-10,0.905707928474806,0.1757015541234,6.56729635369792e-07,1.37757111833894e-12,0.917429739481584,0.322063003623061,4.74540544617819e-09
1.75415237890775e-14,0.688212159057098,7.04099358961319e-06,8.37339143577864e-08,6.54490872490182e-07,0.513255011795207,0.683360766371769,0.791833067248971,1.06285501288994e-07,0.819397407413614,0.790198598688549,0.732434656226888
0.000120440448999504,0.810623181419964,0.00570608269904982,0.016180237351108,0.998437564281869,0.455744394119443,0.204129624525862,0.115593852755787,0.023353230323811,0.807115854053624,0.195504901640328,0.00495588216310905
0.00557492916166291,0.799969239005414,0.0128522134942398,0.00782419537500356,0.159313815380564,0.930546288200403,0.579629872953403,0.196715666351229,0.000212468889497663,0.710719621232194,0.356609701343471,0.000770459080424057
0.00530526033728329,0.0681096948064166,0.00162768165963589,0.000795396145947702,0.108712882370289,0.165051055015891,0.0218713357950499,0.0151587471819345,0.0986398294007631,0.0174307800345405,0.0162818143181974,0.0146176990049717
0.70576752583404,0.602178332373687,0.643923160721515,0.610016304225531,0.110275897225292,0.334808821539955,0.157287158080529,0.078917597496192,0.191234947023082,0.584587162425677,0.397606753673609,0.283082465779206
0.00228549388937049,0.970395387365057,0.00546977075305766,0.0185486276896611,0.983634701804044,0.593309256759627,0.0122626760821542,0.00557016288210183,0.150536308281949,0.827351464208091,0.0120429998470497,0.000785614154932501
0.00191891759787066,0.025289685259247,0.148815025070935,0.0451492318995801,0.915857675699443,0.113484821086137,0.749615494028934,0.88395700796726,0.728686211370361,0.0757104302318544,0.939387385029511,0.804452374097003
0,0.69162026865429,2.9759739117452e-10,3.8968828164343e-14,2.55776309775484e-11,0.561604092178066,0.0434243392155312,1.59495911045934e-06,1.25956635697676e-12,0.655209063821745,0.0533518642370578,4.50428945919512e-07
4.52485915403145e-09,0.00555890047220042,0.000390704447052914,2.04708919682162e-06,4.77816516997867e-09,0.239063833514389,0.507355733178614,0.134918409815548,6.73710864873556e-09,0.382375232452744,0.669563058735163,0.284701592093791
0,0.247177478748644,6.08830430515184e-09,7.65165708571658e-13,0.00296339396945328,0.976946343230004,0.951032656065201,0.00213770854750597,0.00180112323528836,0.95328527878391,0.99791976666123,0.00181471176645065
4.71380645628017e-09,0.167051692028784,2.07749936895762e-05,5.69471088063267e-08,2.58689552692624e-05,0.607292086515408,0.489620274679795,0.0483155481292899,1.02120735004929e-05,0.319522136640318,0.306460423794281,0.0163722902525749
2.89882340354097e-10,0.118028971991101,0.000186723922824372,3.20981667800702e-07,1.04254612009995e-13,0.852918757442719,0.384986794873872,4.43290518715228e-05,1.11386898236565e-12,0.524006078592795,0.668932392429459,5.71309491548266e-05
0.00466892267433505,0.0951887653239293,0.0013005682100502,8.91620752623279e-05,0.840182622362349,0.014365252577289,0.889201473943616,0.140735948833088,0.0133508969390476,0.00551808262828346,0.781997410585835,0.0240418702974217
0,0.253135045989105,2.54931631360478e-11,1.01030295240889e-14,3.61456560900239e-07,0.319222526703357,0.459277890712646,1.11360805733515e-07,5.49983698284428e-11,0.514654401969201,0.265376457462355,2.06287856543232e-10
1.86446544869767e-08,0.326842021655152,4.91496201630026e-05,2.68454749600133e-05,0.287696394581029,0.0357448887739115,0.0032790201899899,0.000134480727732069,0.640262019427702,0.0448220464148019,0.00899262062213479,0.000298524408410605
0.000262380743615176,0.528600262330863,0.0103400398824997,0.00720882817112534,0.133565286385075,0.660380714119866,0.821955368692647,0.8740475664746,0.0170312863017289,0.950722199772083,0.359461844333314,0.738594065590786
9.4002583495012e-13,0.61625406874376,1.15499791575324e-06,3.34217917119517e-07,2.29244443700558e-11,0.588282503266279,0.116083167046669,1.63856306203013e-06,4.04281057305359e-10,0.517115134259722,0.0643246042184559,3.32024849059032e-06
0.0254478232260729,0.0108491892401047,0.0140317374924783,0.00862273235210065,0.244675108095264,0.700216280019051,0.2339679220806,0.881757441515419,0.37824489582004,0.384111819824307,0.165340233150235,0.461876802471065
0.584670650021915,0.832067960013453,0.684785057165968,0.806700402577733,0.71213823620047,0.834764112050187,0.848315703497485,0.924479391505312,0.941748751403679,0.846849203593658,0.958295616058305,0.974642272321714
0.495629816078033,0.442646630783083,0.54653988919595,0.442890157242862,0.81711474758069,0.720044373131193,0.820385016345906,0.498827620557903,0.5712470105091,0.937692880524346,0.715929573512172,0.538368227415204
1.36334232837543e-05,0.460180130675093,0.000368571340443102,0.000591499669386875,4.03815147069648e-08,0.298366215699583,0.0289308351589669,0.000429404284622459,8.15027672018687e-07,0.569500554319552,0.0609782277879248,0.000638446568636875
0.0347612418866933,0.0485016750152304,0.0177394430098291,0.044789228003089,0.332550709446155,0.450687844362146,0.0504293551528327,0.484289100058954,0.036356440345725,0.812733799038229,0.0732512374024272,0.356031166981257
2.80209189185143e-12,0.765482800108301,1.92152478958318e-05,5.60588567644071e-06,0.449978291865148,0.0144329113696284,0.868532380956501,0.199590019231453,0.222182438306869,0.0189487822687209,0.343440152629014,0.0568939434176787
2.22044604925031e-16,0.126134706595975,2.44673624694158e-08,4.07169187255363e-10,7.23250401845014e-09,0.922628330729381,0.692565875752386,0.00636279348236756,3.32179122302102e-10,0.55439546900202,0.867352632862907,0.00459900100082233
2.22044604925031e-16,0.437733184052996,2.36823190169488e-07,1.45340320223397e-07,4.3961477242893e-10,0.821192686760395,0.836024360586763,0.168002555580144,1.51663223409716e-10,0.995642638735688,0.88369824861639,0.281777514460006
0.0298176547731146,0.94696370354948,0.259809628918547,0.563183536617679,0.972348589460672,0.389724104491979,0.522290417638137,0.278647749016605,0.188603298043759,0.586285220641557,0.443556814426015,0.212118497874916
0.000187941743948872,0.98036555616521,0.0091124439891983,0.0269654163308645,0.180963777075424,0.567542992823252,0.18191117112165,0.0592645774373025,0.0122290299948126,0.933833258770627,0.497695709212797,0.200092175627206
1.81872392701621e-08,0.459615390104953,0.000338155740054469,0.000361856208511036,0.764870887310907,0.061740634127852,0.0945931909684865,0.298536794215507,2.42914706827246e-06,0.0337352032925073,0.153127286286537,1.23462466953272e-05
0.0117385686862655,0.0567776247148569,0.0250618319256749,0.00389869808605314,0.295342630173271,0.043914526582841,0.689422871100331,0.0464353240285944,0.479924118842122,0.0931421553730666,0.884729356687511,0.116053294827456
0.000126234945637127,0.609798216932717,0.00855821985828653,0.0218522556638201,0.342420822305563,0.841874559057378,0.633974651315266,0.102923625315473,0.377914481531385,0.94710140476556,0.421119669166413,0.0295105366498403
0,0.686079810468474,2.67226651917696e-09,2.14550599508812e-12,1.64746356720334e-12,0.703741756314524,0.564142381213742,0.0131990676769013,3.42083725791953e-13,0.0761242941143785,0.480754434465061,0.00601592433418818
7.21422921401427e-13,0.198478337129276,3.07376041380758e-05,1.56710327936516e-07,3.7898280427125e-08,0.0452594651347942,0.565787842523977,0.0628926419994996,1.04526238775549e-07,0.0546676073975052,0.725165565459966,0.0453088433170684
0.00442994916821471,0.499045447772894,0.0956858912770114,0.0799163096422294,0.808455650820937,0.134800332018112,0.811256000949284,0.824453995517494,0.0598780276923873,0.169095200894916,0.734778649852154,0.295264698270779
0.00981613583642216,0.0127398120300921,0.147346619340663,0.0857762740754857,0.175529515539264,0.542654061453012,0.132052243480528,0.262314555034505,0.237375642947608,0.351689116986255,0.0745503288195251,0.178587987640654
2.59627874754642e-11,0.0567768370042907,1.54503902374259e-05,3.51056230751823e-08,1.86350720598786e-13,0.433082486292847,0.321895622972541,0.0308311113637077,4.84743732226649e-11,0.496071881951004,0.273473367587844,0.0798620928523602
0.0855109736278645,0.634570186204748,0.244836537104776,0.302158547125416,0.269204514560702,0.493753912575236,0.212600192464251,0.727461189596905,0.46582976936751,0.346202314917766,0.306613122080486,0.998636603161279
0,0.487285810789856,8.11612999029876e-11,2.22044604925031e-16,3.43733837362126e-14,0.234378579247323,0.0117409690846686,1.09640081684939e-07,6.72272600266179e-13,0.32698885332608,0.0120568318277412,4.42878172801642e-07
5.55111512312578e-16,0.822606996920631,2.03317132796421e-07,6.82332745860492e-10,4.73962305853312e-08,0.188221223476604,0.438174309698082,0.00533724197248761,1.66285607505756e-09,0.249498779093599,0.422394128308722,0.00256107651666471
0,0.185129527527267,4.78506123613442e-14,3.65707464311527e-13,2.7390673120804e-12,0.365144816378724,3.13645800549584e-08,1.09926024720796e-08,1.9987965063753e-12,0.615722740121939,2.50803268486699e-07,1.03679588692174e-07
0,0.343210740099133,6.94970984094212e-08,6.96948054823565e-11,4.36383506367714e-11,0.804532068220088,0.877226204632317,0.0190184134095763,1.06995798695254e-12,0.484882663602244,0.842772773085975,0.00265025498515126
0.107260409355136,0.830032254852447,0.332777240687351,0.575200893920409,0.431906932149061,0.851793715981511,0.10969581161553,0.027876389136573,0.570426760380483,0.958773786397759,0.193446893636713,0.0650670782412435
0.00143204528182295,0.00727374745428855,0.0292937471188207,0.00502299064656631,0.0618029882518102,0.851197097244658,0.504071562047077,0.0574655027635632,0.0497214881841493,0.541040658664696,0.466292184236714,0.052240344175282
0,0.248451259357245,2.38403387031738e-08,1.43080547410079e-10,2.93698270435231e-11,0.604187301093484,0.764287092043419,0.225352971048844,4.36697733830168e-11,0.902956605674328,0.668996193784418,0.0730438057583211
0.00525140280221725,0.266823566324581,0.0689871897285423,0.0641491434343355,0.432582426905643,0.47789049342763,0.665773723122033,0.897763993469409,0.473520429640868,0.37178739989394,0.465520401696523,0.71443849835698
1.5917224982509e-08,0.511502295170757,4.56448263428388e-05,3.40370838802784e-06,2.06942556537054e-09,0.321837879968469,0.246047151506537,4.64237564571139e-06,3.37529735210723e-09,0.523831922610102,0.223931028492448,1.1414286152478e-05
1.02934491630347e-06,0.406842676875508,0.00192643470013421,7.18835735538104e-05,8.78255617776736e-08,0.566887063169999,0.1107282016527,0.00858842422168031,6.7269032855144e-07,0.900973687507087,0.254177454716548,0.0236911655696046
2.22044604925031e-16,0.582188729551901,6.31819162733027e-06,4.97292355072787e-08,1.39896308959886e-06,0.88551457873208,0.567387816710846,0.470745755215774,2.02723721498543e-06,0.991429295241216,0.706668653923742,0.740657550977881
0.00529017895744754,0.591332672710664,0.0709116487199353,0.126935654350702,0.509003334424315,0.186997881262624,0.0824582810517043,0.179946884795727,0.000313967274360394,0.257993200809588,0.072063745043208,0.0187645967921539
1.32716668987953e-06,0.275461278872291,0.000866567531338402,9.96870571626784e-05,2.58781166963316e-10,0.816136499583869,0.726922735140517,0.000288940704065757,1.64662083967926e-08,0.730747549746431,0.620016220850379,0.00152628638306518
6.65689725565244e-13,0.22522924889385,7.86712491818164e-08,7.23120785472986e-10,1.64888293388637e-05,0.489196535688759,0.0925998458520065,0.0847118841701121,2.14693636657604e-06,0.787151454106576,0.0828165732815418,0.0480938730109168
2.02028140816601e-06,0.293953579828055,0.0046110578866696,0.00164407257419119,5.29520064093304e-09,0.33985769651139,0.282835281188319,0.000396701178697752,5.66335291996012e-08,0.705555822464617,0.331717348104558,0.000303436909518062
0.1301707123945,0.045469349470032,0.216982715469696,0.104550110528286,0.272688943205827,0.767999640315379,0.260375699798037,0.136067635981857,0.0174082965088259,0.469989410227451,0.460696841384608,0.316051384795015
6.66133814775094e-16,0.0174980427133211,4.79473571957101e-10,1.39649403152475e-11,4.75883439942313e-05,0.158762562152723,0.0010927987269922,5.89069472670579e-05,3.44562021159511e-06,0.0949903340374862,0.00273013792132348,0.000143261691829766
